name	taxonomy_id	taxonomy_lvl	kraken_assigned_reads	added_reads	new_est_reads	fraction_total_reads
Apilactobacillus	2767877	G	2374720	81512	2456232	0.07264
Lactobacillus	1578	G	1453722	194921	1648643	0.04876
Fructilactobacillus	2767881	G	1135897	136714	1272611	0.03764
Lentilactobacillus	2767893	G	922032	224558	1146590	0.03391
Companilactobacillus	2767879	G	706982	123021	830003	0.02455
Ligilactobacillus	2767887	G	691721	155807	847528	0.02507
Pediococcus	1253	G	610786	384631	995417	0.02944
Limosilactobacillus	2742598	G	458067	158529	616596	0.01824
Acetilactobacillus	2767874	G	403416	48	403464	0.01193
Paucilactobacillus	2767890	G	350030	235448	585478	0.01732
Nicoliella	2978367	G	334020	9973	343993	0.01017
Weissella	46255	G	313550	54282	367832	0.01088
Leuconostoc	1243	G	265120	51248	316368	0.00936
Lactiplantibacillus	2767842	G	192975	130028	323003	0.00955
Loigolactobacillus	2767889	G	183050	254083	437133	0.01293
Levilactobacillus	2767886	G	171459	89084	260543	0.00771
Liquorilactobacillus	2767888	G	155128	88969	244097	0.00722
Bombilactobacillus	2767878	G	130379	4039	134418	0.00398
Dellaglioa	2767880	G	127890	52628	180518	0.00534
Fructobacillus	559173	G	123930	3590	127520	0.00377
Secundilactobacillus	2767892	G	95972	76989	172961	0.00512
Oenococcus	46254	G	95616	11876	107492	0.00318
Lacticaseibacillus	2759736	G	93994	35638	129632	0.00383
Latilactobacillus	2767885	G	92760	31721	124481	0.00368
Periweissella	2930384	G	67498	1447	68945	0.00204
Furfurilactobacillus	2767882	G	67255	26010	93265	0.00276
Holzapfeliella	2767883	G	63455	2975	66430	0.00196
Agrilactobacillus	2767875	G	59835	6005	65840	0.00195
Xylocopilactobacillus	3118928	G	46728	237	46965	0.00139
Lapidilactobacillus	2767884	G	24304	2365	26669	0.00079
Schleiferilactobacillus	2767891	G	11972	740	12712	0.00038
Amylolactobacillus	2767876	G	2000	2108	4108	0.00012
Enterococcus	1350	G	511099	433787	944886	0.02794
Vagococcus	2737	G	191351	60054	251405	0.00744
Tetragenococcus	51668	G	52054	81868	133922	0.00396
Melissococcus	33969	G	16090	825	16915	0.00050
Streptococcus	1301	G	357038	52285	409323	0.01211
Lactococcus	1357	G	69637	232969	302606	0.00895
Pseudolactococcus	3436058	G	25674	2894	28568	0.00084
Floricoccus	1930830	G	10119	620	10739	0.00032
Carnobacterium	2747	G	165487	49698	215185	0.00636
Dolosigranulum	29393	G	33520	2014	35534	0.00105
Granulicatella	117563	G	27429	44344	71773	0.00212
Jeotgalibaca	1470540	G	26491	10707	37198	0.00110
Desemzia	82800	G	16280	21269	37549	0.00111
Alkalibacterium	99906	G	6459	430	6889	0.00020
Marinilactibacillus	191769	G	6162	3512	9674	0.00029
Trichococcus	82802	G	788	69	857	0.00003
Alloiococcus	1651	G	87	8	95	0.00000
Ignavigranum	89092	G	17340	1975	19315	0.00057
Aerococcus	1375	G	14231	4987	19218	0.00057
Globicatella	13075	G	12916	3784	16700	0.00049
Tuanshanicoccus	3465067	G	11277	1411	12688	0.00038
Fundicoccus	2761542	G	6936	1087	8023	0.00024
Ruoffia	2862144	G	5516	3234	8750	0.00026
Abiotrophia	46123	G	4824	1467	6291	0.00019
Suicoccus	2689587	G	786	295	1081	0.00003
Bacillus	1386	G	219378	97363	316741	0.00937
Lysinibacillus	400634	G	99760	20052	119812	0.00354
Neobacillus	2675232	G	80612	20598	101210	0.00299
Virgibacillus	84406	G	52460	4408	56868	0.00168
Psychrobacillus	1221880	G	48355	9823	58178	0.00172
Peribacillus	2675229	G	44721	13585	58306	0.00172
Metabacillus	2675233	G	38403	13945	52348	0.00155
Oceanobacillus	182709	G	38172	7851	46023	0.00136
Cytobacillus	2675230	G	36445	10375	46820	0.00138
Priestia	2800373	G	35456	36593	72049	0.00213
Niallia	2837506	G	31422	7783	39205	0.00116
Heyndrickxia	2837504	G	25872	16653	42525	0.00126
Amphibacillus	29331	G	16252	3270	19522	0.00058
Halobacillus	45667	G	13103	1459	14562	0.00043
Pontibacillus	289201	G	11785	913	12698	0.00038
Sutcliffiella	2837511	G	10263	2448	12711	0.00038
Alkalihalobacillus	2675234	G	9510	1600	11110	0.00033
Halalkalibacterium (ex Joshi et al. 2022)	2893055	G	9331	2088	11419	0.00034
Gottfriedia	2837503	G	8676	1189	9865	0.00029
Tepidibacillus	1494427	G	8381	1113	9494	0.00028
Paraliobacillus	200903	G	8356	886	9242	0.00027
Lentibacillus	175304	G	8074	745	8819	0.00026
Aciduricibacillus	3158337	G	7999	1434	9433	0.00028
Lederbergia	2804231	G	7056	642	7698	0.00023
Salipaludibacillus	1884449	G	6847	559	7406	0.00022
Gracilibacillus	74385	G	6367	717	7084	0.00021
Ectobacillus	2837502	G	6241	1113	7354	0.00022
Evansella	2837485	G	5865	733	6598	0.00020
Anaerobacillus	704093	G	5797	1105	6902	0.00020
Ornithinibacillus	484508	G	5315	2248	7563	0.00022
Alkalicoccus	2005375	G	4487	341	4828	0.00014
Terribacillus	459532	G	3788	354	4142	0.00012
Alkalibacillus	331654	G	3752	114	3866	0.00011
Shouchella	2893057	G	3512	555	4067	0.00012
Cerasibacillus	227864	G	3446	932	4378	0.00013
Mesobacillus	2675231	G	3256	860	4116	0.00012
Fervidibacillus	3033930	G	3109	744	3853	0.00011
Rossellomorea	2837508	G	3064	831	3895	0.00012
Schinkia	2837509	G	2971	631	3602	0.00011
Halalkalibacter	2893056	G	2928	1236	4164	0.00012
Pradoshia	2651279	G	2392	429	2821	0.00008
Alkalihalophilus	2893060	G	2366	556	2922	0.00009
Radiobacillus	2785518	G	2065	393	2458	0.00007
Mangrovibacillus	2920444	G	1977	536	2513	0.00007
Robertmurraya	2837507	G	1492	157	1649	0.00005
Caldalkalibacillus	379065	G	1339	803	2142	0.00006
Salisediminibacterium	1434042	G	1328	139	1467	0.00004
Paenalkalicoccus	2944627	G	1214	1626	2840	0.00008
Pseudobacillus	108525	G	1212	758	1970	0.00006
Aeribacillus	1055323	G	938	2734	3672	0.00011
Salicibibacter	2685905	G	769	10	779	0.00002
Siminovitchia	2837510	G	546	118	664	0.00002
Caldifermentibacillus	3034001	G	461	8283	8744	0.00026
Domibacillus	1433999	G	375	96	471	0.00001
Paraperibacillus	3450404	G	352	72	424	0.00001
Salimicrobium	351195	G	333	30	363	0.00001
Falsibacillus	1270155	G	311	62	373	0.00001
Sediminibacillus	482460	G	71	11	82	0.00000
Allobacillus	1400133	G	64	6	70	0.00000
Staphylococcus	1279	G	572783	198944	771727	0.02282
Mammaliicoccus	2803850	G	38419	10017	48436	0.00143
Macrococcus	69965	G	24493	6914	31407	0.00093
Macrococcoides	3076173	G	8048	8142	16190	0.00048
Jeotgalicoccus	227979	G	2019	260	2279	0.00007
Salinicoccus	45669	G	1481	45	1526	0.00005
Nosocomiicoccus	489909	G	1235	208	1443	0.00004
Sporosarcina	1569	G	35129	4654	39783	0.00118
Planococcus	1372	G	26135	3673	29808	0.00088
Rummeliibacillus	648802	G	20686	4586	25272	0.00075
Paenisporosarcina	651660	G	16663	3664	20327	0.00060
Ureibacillus	160795	G	12386	19444	31830	0.00094
Kurthia	1649	G	11970	3411	15381	0.00045
Solibacillus	648800	G	8706	1156	9862	0.00029
Metasolibacillus	2703677	G	5401	11	5412	0.00016
Viridibacillus	496496	G	5370	1429	6799	0.00020
Jeotgalibacillus	157226	G	1570	369	1939	0.00006
Chryseomicrobium	889388	G	1059	340	1399	0.00004
Paenibacillus	44249	G	97760	4493	102253	0.00302
Brevibacillus	55080	G	5776	359	6135	0.00018
Cohnella	329857	G	1824	41	1865	0.00006
Aneurinibacillus	55079	G	1211	80	1291	0.00004
Pristimantibacillus (SeqCode)	2994560	G	442	30	472	0.00001
Saccharibacillus	456492	G	22	0	22	0.00000
Listeria	1637	G	84841	31162	116003	0.00343
Brochothrix	2755	G	9859	2184	12043	0.00036
Paenilisteria	3373705	G	2225	116	2341	0.00007
Gemella	1378	G	38709	6445	45154	0.00134
Anoxybacillus	150247	G	9878	2476	12354	0.00037
Geobacillus	129337	G	3759	10199	13958	0.00041
Thermaerobacillus	3390020	G	596	128	724	0.00002
Parageobacillus	1906945	G	103	82	185	0.00001
Saccharococcus	29395	G	38	12	50	0.00000
Anoxybacteroides	3389905	G	27	2	29	0.00000
Fictibacillus	1329200	G	10121	2943	13064	0.00039
Pseudalkalibacillus	2893058	G	607	100	707	0.00002
Exiguobacterium	33986	G	6775	781	7556	0.00022
Sporolactobacillus	2077	G	5726	207	5933	0.00018
Pullulanibacillus	475230	G	409	33	442	0.00001
Tumebacillus	432330	G	2486	142	2628	0.00008
Alicyclobacillus	29330	G	1409	37	1446	0.00004
Effusibacillus	1502725	G	893	15	908	0.00003
Fodinisporobacter	3156481	G	258	7	265	0.00001
Kyrpidia	1129704	G	31	0	31	0.00000
Guptibacillus	3421338	G	2911	1095	4006	0.00012
Novibacillus	1677050	G	330	39	369	0.00001
Thermoactinomyces	2023	G	131	8	139	0.00000
Kroppenstedtia	1274351	G	92	3	95	0.00000
Staphylospora	2689589	G	16	0	16	0.00000
Laceyella	292635	G	14	0	14	0.00000
Abyssicoccus	1955413	G	519	368	887	0.00003
Clostridium	1485	G	282184	23828	306012	0.00905
Haloimpatiens	1755832	G	8376	3263	11639	0.00034
Crassaminicella	1848399	G	8188	363	8551	0.00025
Caloramator	44258	G	7941	1438	9379	0.00028
Sarcina	1266	G	5201	499	5700	0.00017
Oceanirhabdus	1434026	G	3042	58	3100	0.00009
Hathewaya	1769729	G	1396	70	1466	0.00004
Candidatus Neoarthromitus	49082	G	1352	19	1371	0.00004
Wukongibacter	1884926	G	739	16	755	0.00002
Lactonifactor	420345	G	159	93	252	0.00001
Ruminococcus	1263	G	6892	214	7106	0.00021
Fastidiosipila	236752	G	2819	2827	5646	0.00017
Paludihabitans	2038676	G	1844	23	1867	0.00006
Caproicibacterium	2834348	G	1535	198	1733	0.00005
Faecalibacterium	216851	G	1384	1051	2435	0.00007
Ruminiclostridium	1508657	G	542	203	745	0.00002
Acidaminobacterium	3570270	G	403	3	406	0.00001
Amygdalobacter	3079925	G	317	90	407	0.00001
Thermoclostridium	2304691	G	188	98	286	0.00001
Anaerotruncus	244127	G	32	20	52	0.00000
Flavonifractor	946234	G	27	10	37	0.00000
Petroclostridium	2304687	G	26	1	27	0.00000
Owariibacterium	3393728	G	11	12	23	0.00000
Desulforamulus	2916693	G	3907	217	4124	0.00012
Desulfofarcimen	2282742	G	3100	65	3165	0.00009
Candidatus Formimonas	2840454	G	1225	18	1243	0.00004
Thermanaerosceptrum	2651578	G	923	57	980	0.00003
Dehalobacterium	51514	G	38	16	54	0.00000
Desulfofundulus	2282741	G	11	0	11	0.00000
Acididesulfobacillus	2924872	G	11	0	11	0.00000
Desulfosporosinus	79206	G	2542	75	2617	0.00008
Dehalobacter	56112	G	2292	771	3063	0.00009
Desulfitobacterium	36853	G	1635	38	1673	0.00005
Syntrophobotulus	51196	G	224	3	227	0.00001
Syntrophomonas	862	G	5167	233	5400	0.00016
Candidatus Syntrophocurvum	2293313	G	496	6	502	0.00001
Eubacterium	1730	G	1868	1979	3847	0.00011
Acetobacterium	33951	G	1317	29	1346	0.00004
Anaerofustis	264995	G	418	163	581	0.00002
Alkalibacter	274470	G	231	2	233	0.00001
Pseudoramibacter	113286	G	13	0	13	0.00000
Sulfobacillus	28033	G	2265	6	2271	0.00007
Thermaerobacter	73918	G	41	0	41	0.00000
Fenollaria	1686313	G	593	259	852	0.00003
Proteiniborus	415014	G	97	25	122	0.00000
Levyella	1715798	G	32	10	42	0.00000
Acutalibacter	1918385	G	2709	330	3039	0.00009
Caproiciproducens	1738645	G	34	18	52	0.00000
Caproicibacter	2576755	G	10	50	60	0.00000
Aristaeella	3046369	G	1000	3	1003	0.00003
Helicovermis	3136917	G	890	14	904	0.00003
Tianxiuia	3680000	G	36	0	36	0.00000
Fusibacter	76008	G	11	0	11	0.00000
Alkalicella	2838170	G	447	11	458	0.00001
Proteinivorax	1491776	G	196	1	197	0.00001
Desulfotomaculum	1562	G	143	160	303	0.00001
Heliorestis	79598	G	100	0	100	0.00000
Agathobaculum	2048137	G	30	8	38	0.00000
Thermincola	278993	G	17	2	19	0.00000
Desulfoscipio	2867376	G	14	0	14	0.00000
Terrisporobacter	1505652	G	23853	753	24606	0.00073
Romboutsia	1501226	G	10264	2736	13000	0.00038
Tepidibacter	214904	G	8186	312	8498	0.00025
Paraclostridium	1849822	G	7725	617	8342	0.00025
Peptostreptococcus	1257	G	6743	6718	13461	0.00040
Intestinibacter	1505657	G	4152	1709	5861	0.00017
Clostridioides	1870884	G	3435	4696	8131	0.00024
Faecalimicrobium	3120164	G	2345	471	2816	0.00008
Peptacetobacter	2743582	G	2258	71	2329	0.00007
Andreesenella	3685825	G	7984	143	8127	0.00024
Alkaliphilus	114627	G	3105	148	3253	0.00010
Serpentinicella	1890059	G	1047	13	1060	0.00003
Caminicella	166484	G	6964	523	7487	0.00022
Mogibacterium	86331	G	2373	669	3042	0.00009
Anoxybacterium	3408579	G	1948	126	2074	0.00006
Sinanaerobacter	2886866	G	413	47	460	0.00001
Aminipila	2060094	G	389	40	429	0.00001
Emergencia	1926556	G	317	337	654	0.00002
Ihubacter	1926667	G	175	209	384	0.00001
Acetoanaerobium	186831	G	1543	16	1559	0.00005
Filifactor	44259	G	138	190	328	0.00001
Geosporobacter	390805	G	278	26	304	0.00001
Tyzzerella	1506577	G	15840	775	16615	0.00049
Anaerostipes	207244	G	8087	3872	11959	0.00035
Roseburia	841	G	7540	926	8466	0.00025
Anaerocolumna	1843210	G	7511	37	7548	0.00022
Blautia	572511	G	7045	4064	11109	0.00033
Stomatobaculum	1213720	G	3971	94	4065	0.00012
Herbinix	1663717	G	3865	2024	5889	0.00017
Mediterraneibacter	2316020	G	2903	2325	5228	0.00015
Wujia	2944152	G	2495	2520	5015	0.00015
Chordicoccus	3031933	G	2198	238	2436	0.00007
Lacrimispora	2719231	G	2102	41	2143	0.00006
Lachnoclostridium	1506553	G	2030	70	2100	0.00006
Pseudobutyrivibrio	46205	G	1753	74	1827	0.00005
Hominifimenecus	3073585	G	1196	6	1202	0.00004
Agathobacter	1766253	G	1127	896	2023	0.00006
Butyrivibrio	830	G	1109	72	1181	0.00003
Lachnoanaerobaculum	1164882	G	982	87	1069	0.00003
Anaeromicropila	3024823	G	824	8	832	0.00002
Candidatus Epulonipiscium	2383	G	769	3	772	0.00002
Enterocloster	2719313	G	738	222	960	0.00003
Allocoprococcus	3569723	G	621	606	1227	0.00004
Dorea	189330	G	339	353	692	0.00002
Jutongia	2944194	G	310	108	418	0.00001
Hungatella	1649459	G	295	6	301	0.00001
Anaeropeptidivorans	2997360	G	232	2	234	0.00001
Chakrabartyella	3088373	G	176	8	184	0.00001
Novisyntrophococcus	2888809	G	54	9	63	0.00000
Otoolea	2941495	G	54	10	64	0.00000
Sellimonas	1769710	G	34	28	62	0.00000
Claveliimonas	3076670	G	27	13	40	0.00000
Anaerobutyricum	2569097	G	26	14	40	0.00000
Qiania	2944195	G	19	7	26	0.00000
Eisenbergiella	1432051	G	18	10	28	0.00000
Lachnospira	28050	G	17	3	20	0.00000
Kineothrix	2163168	G	16	0	16	0.00000
Coprococcus	33042	G	15	9	24	0.00000
Wansuia	2944198	G	12	2	14	0.00000
Vallitalea	1348611	G	5296	48	5344	0.00016
Petrocella	2603323	G	2754	176	2930	0.00009
Cellulosilyticum	698776	G	7717	286	8003	0.00024
Anaerotignum	2039240	G	276	17	293	0.00001
Defluviitalea	1185408	G	102	46	148	0.00000
Halobacteroides	42417	G	7559	25	7584	0.00022
Natroniella	52003	G	3491	8	3499	0.00010
Acetohalobium	28186	G	1399	0	1399	0.00004
Anoxybacter	1769008	G	6959	32	6991	0.00021
Halanaerobium	2330	G	5761	114	5875	0.00017
Halocella	46466	G	115	264	379	0.00001
Halothermothrix	32636	G	331	1	332	0.00001
Tepidanaerobacter	499228	G	6432	153	6585	0.00019
Biomaibacter	2770094	G	1323	3	1326	0.00004
Thermosediminibacter	291988	G	10	0	10	0.00000
Natranaerofaba	2807497	G	6038	12	6050	0.00018
Natranaerobius	375928	G	80	0	80	0.00000
Thermoanaerobacterium	28895	G	3036	808	3844	0.00011
Thermoanaerobacter	1754	G	2066	313	2379	0.00007
Aceticella	3051499	G	642	13	655	0.00002
Carboxydothermus	129957	G	42	0	42	0.00000
Caldanaerobacter	249529	G	38	4	42	0.00000
Ammonifex	42837	G	15	0	15	0.00000
Gelria	189326	G	11	0	11	0.00000
Candidatus Desulforudis	471826	G	18	0	18	0.00000
Metallumcola	3234175	G	1459	9	1468	0.00004
Thermanaeromonas	202949	G	417	0	417	0.00001
Neomoorella	44260	G	89	0	89	0.00000
Acetivibrio	35829	G	1957	3635	5592	0.00017
Koleobacter	2786989	G	900	16	916	0.00003
Monoglobus	2039302	G	181	138	319	0.00001
Christensenella	990721	G	14	5	19	0.00000
Mahella	252965	G	14	3	17	0.00000
Thomasclavelia	3025755	G	16469	4906	21375	0.00063
Faecalibacillus	2678885	G	15513	14733	30246	0.00089
Catenibacterium	135858	G	7472	2815	10287	0.00030
Tannockella	2943184	G	4100	247	4347	0.00013
Erysipelothrix	1647	G	28357	515	28872	0.00085
Allocoprobacillus	3059504	G	4751	957	5708	0.00017
Bulleidia	118747	G	3054	870	3924	0.00012
Hoskinsella	3681505	G	1731	3155	4886	0.00014
Intestinibaculum	2679910	G	501	46	547	0.00002
Amedibacterium	2749267	G	489	738	1227	0.00004
Solobacterium	123375	G	240	581	821	0.00002
Longicatena	1918536	G	143	318	461	0.00001
Massilimicrobiota	1924110	G	82	3482	3564	0.00011
Turicibacter	191303	G	16780	1552	18332	0.00054
Parvimonas	543311	G	12104	9304	21408	0.00063
Anaerococcus	165779	G	9840	1781	11621	0.00034
Helcococcus	31983	G	7054	2892	9946	0.00029
Peptoniphilus	162289	G	6131	6398	12529	0.00037
Miniphocaeibacter	2126548	G	5699	79	5778	0.00017
Microaceticoccus	3421489	G	1634	22	1656	0.00005
Finegoldia	150022	G	1200	1221	2421	0.00007
Aedoeadaptatus	2981628	G	33	2	35	0.00000
Tissierella	41273	G	9329	154	9483	0.00028
Gudongella	2692382	G	140	16	156	0.00000
Keratinibaculum	1354809	G	6078	1247	7325	0.00022
Schnuerera	2794837	G	511	44	555	0.00002
Acidilutibacter	2992720	G	2983	1300	4283	0.00013
Gottschalkia	1505664	G	2876	67	2943	0.00009
Caloranaerobacter	171003	G	1939	120	2059	0.00006
Sporanaerobacter	165812	G	361	54	415	0.00001
Sedimentibacter	190972	G	14027	342	14369	0.00042
Ezakiella	1582879	G	2751	7817	10568	0.00031
Sporomusa	2375	G	10603	1179	11782	0.00035
Anaerosinus	151037	G	8077	204	8281	0.00024
Pelosinus	365348	G	2474	24	2498	0.00007
Methylomusa	2093783	G	1129	14	1143	0.00003
Megamonas	158846	G	7761	185	7946	0.00023
Pectinatus	864	G	2802	35	2837	0.00008
Selenomonas	970	G	204	4	208	0.00001
Mitsuokella	52225	G	163	23	186	0.00001
Veillonella	29465	G	16243	622	16865	0.00050
Megasphaera	906	G	2311	68	2379	0.00007
Dialister	39948	G	585	38	623	0.00002
Phascolarctobacterium	33024	G	323	127	450	0.00001
Acidaminococcus	904	G	22	0	22	0.00000
Caldicellulosiruptor	44000	G	27017	773	27790	0.00082
Candidatus Contubernalis	338648	G	1911	5	1916	0.00006
Geochorda	3366854	G	11	9	20	0.00000
Limnochorda	1676651	G	10	0	10	0.00000
Mycoplasma	2093	G	63637	16737	80374	0.00238
Candidatus Hepatoplasma	295595	G	4489	686	5175	0.00015
Spiroplasma	2132	G	52577	1890	54467	0.00161
Mesoplasma	46239	G	8196	1288	9484	0.00028
Entomoplasma	46238	G	33	1	34	0.00000
Williamsoniiplasma	2919614	G	194	29	223	0.00001
Haploplasma	2903106	G	6535	398	6933	0.00021
Acholeplasma	2147	G	6345	297	6642	0.00020
Candidatus Phytoplasma	33926	G	5681	1106	6787	0.00020
Mariniplasma	2903100	G	1678	8	1686	0.00005
Candidatus Izemoplasma	2975549	G	7792	91	7883	0.00023
Candidatus Xianfuyuplasma	2975521	G	4145	97	4242	0.00013
Hujiaoplasma	3078171	G	89	21	110	0.00000
Mycoplasmopsis	2767358	G	26632	7867	34499	0.00102
Metamycoplasma	2895509	G	13199	5758	18957	0.00056
Mesomycoplasma	2923352	G	10795	1165	11960	0.00035
Ureaplasma	2129	G	2742	60	2802	0.00008
Mycoplasmoides	2995234	G	2683	1046	3729	0.00011
Malacoplasma	2791001	G	225	186	411	0.00001
Curtobacterium	2034	G	3967	371	4338	0.00013
Microbacterium	33882	G	2983	400	3383	0.00010
Subtercola	120212	G	898	22	920	0.00003
Aquiluna	529881	G	379	3	382	0.00001
Rhodoluna	529883	G	138	2	140	0.00000
Leucobacter	55968	G	364	36	400	0.00001
Agrococcus	46352	G	251	27	278	0.00001
Leifsonia	110932	G	227	18	245	0.00001
Agromyces	33877	G	215	23	238	0.00001
Cryobacterium	69578	G	152	3	155	0.00000
Rathayibacter	33886	G	134	8	142	0.00000
Clavibacter	1573	G	105	8	113	0.00000
Microcella	337004	G	72	9	81	0.00000
Frigoribacterium	96492	G	68	5	73	0.00000
Salinibacterium	235888	G	61	3	64	0.00000
Herbiconiux	881616	G	54	4	58	0.00000
Plantibacter	190323	G	45	2	47	0.00000
Protaetiibacter	2680004	G	40	5	45	0.00000
Paramicrobacterium	3110364	G	35	4	39	0.00000
Mycetocola	76634	G	28	1	29	0.00000
Cnuibacter	1759331	G	24	3	27	0.00000
Frondihabitans	447237	G	23	1	24	0.00000
Homoserinibacter	1649457	G	22	2	24	0.00000
Microterricola	518733	G	20	1	21	0.00000
Aurantimicrobium	1705353	G	18	0	18	0.00000
Gulosibacter	256818	G	17	3	20	0.00000
Lacisediminihabitans	2740558	G	15	0	15	0.00000
Orlajensenia	3440766	G	14	1	15	0.00000
Agreia	110934	G	13	0	13	0.00000
Ruicaihuangia	3137419	G	13	0	13	0.00000
Diaminobutyricimonas	1433997	G	12	0	12	0.00000
Rothia	32207	G	2048	114	2162	0.00006
Arthrobacter	1663	G	851	150	1001	0.00003
Glutamicibacter	1742989	G	205	57	262	0.00001
Pseudarthrobacter	1742993	G	195	36	231	0.00001
Micrococcus	1269	G	194	30	224	0.00001
Kocuria	57493	G	159	51	210	0.00001
Paenarthrobacter	1742992	G	149	63	212	0.00001
Sinomonas	596707	G	70	3	73	0.00000
Crystallibacter	3456524	G	62	5	67	0.00000
Citricoccus	169133	G	47	20	67	0.00000
Timonella	1465824	G	3346	395	3741	0.00011
Pengzhenrongella	2888818	G	34	3	37	0.00000
Luteimicrobium	754249	G	20	3	23	0.00000
Brachybacterium	43668	G	1773	214	1987	0.00006
Helcobacillus	1161125	G	16	4	20	0.00000
Dermabacter	36739	G	11	4	15	0.00000
Brevibacterium	1696	G	468	60	528	0.00002
Isoptericola	254250	G	166	540	706	0.00002
Cellulosimicrobium	157920	G	157	37	194	0.00001
Promicromonospora	43676	G	64	5	69	0.00000
Xylanimonas	186188	G	37	5	42	0.00000
Janibacter	53457	G	160	23	183	0.00001
Pedococcus	2805645	G	56	6	62	0.00000
Knoellia	136099	G	35	2	37	0.00000
Arsenicicoccus	267408	G	34	6	40	0.00000
Phycicoccus	367298	G	29	12	41	0.00000
Oryzobacter	1849973	G	21	3	24	0.00000
Intrasporangium	53357	G	20	1	21	0.00000
Humibacillus	556178	G	20	2	22	0.00000
Terrabacter	53355	G	17	2	19	0.00000
Nostocoides	99479	G	10	0	10	0.00000
Cellulomonas	1707	G	320	52	372	0.00001
Paraoerskovia	665568	G	17	2	19	0.00000
Pseudactinotalea	1926259	G	11	0	11	0.00000
Ruania	626119	G	169	5	174	0.00001
Occultella	2828348	G	19	1	20	0.00000
Ornithinimicrobium	125287	G	88	8	96	0.00000
Serinicoccus	265976	G	55	8	63	0.00000
Dermacoccus	57495	G	41	14	55	0.00000
Luteipulveratus	745364	G	27	1	28	0.00000
Barrientosiimonas	1535207	G	26	8	34	0.00000
Allobranchiibius	2040262	G	20	1	21	0.00000
Yimella	908935	G	14	1	15	0.00000
Sanguibacter	60919	G	48	5	53	0.00000
Miniimonas	947525	G	22	24	46	0.00000
Beutenbergia	84756	G	20	1	21	0.00000
Demequina	577469	G	36	2	38	0.00000
Gephyromycinifex	2885697	G	14	0	14	0.00000
Dermatophilus	1862	G	11	0	11	0.00000
Austwickia	1184606	G	10	0	10	0.00000
Kytococcus	57499	G	22	7	29	0.00000
Streptomyces	1883	G	22219	2539	24758	0.00073
Kitasatospora	2063	G	478	25	503	0.00001
Actinacidiphila	2995702	G	98	4	102	0.00000
Streptacidiphilus	228398	G	82	4	86	0.00000
Embleya	2699295	G	76	1	77	0.00000
Peterkaempfera	2995704	G	55	2	57	0.00000
Yinghuangia	2805681	G	16	0	16	0.00000
Streptantibioticus	2995706	G	10	0	10	0.00000
Carbonactinospora	2864378	G	14	0	14	0.00000
Corynebacterium	1716	G	7517	1513	9030	0.00027
Mycolicibacterium	1866885	G	2618	343	2961	0.00009
Mycobacterium	1763	G	2064	241	2305	0.00007
Mycolicibacter	1073531	G	114	17	131	0.00000
Mycobacteroides	670516	G	98	7	105	0.00000
Mycolicibacillus	2126281	G	29	2	31	0.00000
Rhodococcus	1827	G	1926	159	2085	0.00006
Nocardia	1817	G	1299	43	1342	0.00004
Prescottella	2979332	G	186	17	203	0.00001
Rhodococcoides	3259750	G	52	12	64	0.00000
Williamsia	85043	G	32	1	33	0.00000
Gordonia	2053	G	725	72	797	0.00002
Skermania	59613	G	11	0	11	0.00000
Tsukamurella	2060	G	67	4	71	0.00000
Dietzia	37914	G	59	12	71	0.00000
Tomitella	741759	G	17	0	17	0.00000
Gardnerella	2701	G	9754	2021	11775	0.00035
Bifidobacterium	1678	G	2707	24	2731	0.00008
Alloscardovia	419014	G	2554	11	2565	0.00008
Scardovia	196081	G	63	2	65	0.00000
Amycolatopsis	1813	G	3563	255	3818	0.00011
Saccharomonospora	1851	G	978	164	1142	0.00003
Saccharopolyspora	1835	G	970	112	1082	0.00003
Pseudonocardia	1847	G	860	48	908	0.00003
Lentzea	165301	G	767	72	839	0.00002
Saccharothrix	2071	G	357	83	440	0.00001
Prauserella	142577	G	299	16	315	0.00001
Actinomycetospora	402649	G	294	19	313	0.00001
Actinoalloteichus	65496	G	204	5	209	0.00001
Kutzneria	43356	G	193	18	211	0.00001
Actinokineospora	39845	G	173	40	213	0.00001
Allosaccharopolyspora	2893576	G	80	18	98	0.00000
Kibdelosporangium	2029	G	76	5	81	0.00000
Actinosynnema	40566	G	75	21	96	0.00000
Umezawaea	583360	G	49	6	55	0.00000
Alloactinosynnema	674734	G	47	17	64	0.00000
Crossiella	130795	G	44	6	50	0.00000
Allokutzneria	1137960	G	40	5	45	0.00000
Salinifilum	2040254	G	24	5	29	0.00000
Trueperella	1069494	G	2607	330	2937	0.00009
Changpingibacter	2912996	G	2401	396	2797	0.00008
Varibaculum	184869	G	1084	110	1194	0.00004
Actinotignum	1653174	G	617	37	654	0.00002
Actinomyces	1654	G	218	6	224	0.00001
Arcanobacterium	28263	G	78	8	86	0.00000
Schaalia	2529408	G	63	3	66	0.00000
Flaviflexus	1522056	G	59	5	64	0.00000
Boudabousia	2767318	G	16	0	16	0.00000
Streptosporangium	2000	G	2074	115	2189	0.00006
Nonomuraea	83681	G	272	9	281	0.00001
Microbispora	2005	G	250	5	255	0.00001
Microtetraspora	1995	G	39	2	41	0.00000
Sphaerisporangium	321315	G	36	1	37	0.00000
Thermobispora	147067	G	21	0	21	0.00000
Sphaerimonospora	1792303	G	15	0	15	0.00000
Nocardiopsis	2013	G	1802	220	2022	0.00006
Thermobifida	83677	G	167	5	172	0.00001
Streptomonospora	104204	G	117	84	201	0.00001
Spiractinospora	2913367	G	56	0	56	0.00000
Thermomonospora	2019	G	673	37	710	0.00002
Actinomadura	1988	G	195	20	215	0.00001
Spirillospora	58122	G	108	12	120	0.00000
Actinoallomurus	667113	G	53	2	55	0.00000
Nocardioides	1839	G	3663	261	3924	0.00012
Aeromicrobium	2040	G	193	7	200	0.00001
Mumia	1546255	G	103	2	105	0.00000
Pimelobacter	2044	G	39	2	41	0.00000
Friedmanniella	53387	G	25	0	25	0.00000
Microlunatus	29404	G	192	5	197	0.00001
Cutibacterium	1912216	G	113	7	120	0.00000
Tessaracoccus	72763	G	102	7	109	0.00000
Acidipropionibacterium	1912215	G	86	16	102	0.00000
Raineyella	1911549	G	34	5	39	0.00000
Propioniciclava	1085622	G	32	10	42	0.00000
Naumannella	1294511	G	26	3	29	0.00000
Arachnia	2801844	G	23	0	23	0.00000
Auraticoccus	1278221	G	16	0	16	0.00000
Propionibacterium	1743	G	12	1	13	0.00000
Propionimicrobium	203133	G	11	0	11	0.00000
Kribbella	182639	G	314	6	320	0.00001
Actinopolymorpha	117156	G	21	0	21	0.00000
Candidatus Planktophila	622681	G	2609	15	2624	0.00008
Candidatus Nanopelagicus	2039639	G	1472	9	1481	0.00004
Micromonospora	1873	G	1305	77	1382	0.00004
Dactylosporangium	35753	G	781	20	801	0.00002
Actinoplanes	1865	G	352	12	364	0.00001
Plantactinospora	673534	G	59	3	62	0.00000
Actinocatenispora	390988	G	58	1	59	0.00000
Longispora	203522	G	46	1	47	0.00000
Solwaraspora	265431	G	46	2	48	0.00000
Phytohabitans	907364	G	43	1	44	0.00000
Catellatospora	53365	G	42	2	44	0.00000
Polymorphospora	338583	G	40	2	42	0.00000
Couchioplanes	56433	G	15	1	16	0.00000
Krasilnikovia	349312	G	12	0	12	0.00000
Geodermatophilus	1860	G	79	6	85	0.00000
Modestobacter	88138	G	43	3	46	0.00000
Blastococcus	38501	G	40	3	43	0.00000
Jatrophihabitans	1434010	G	114	1	115	0.00000
Frankia	1854	G	61	1	62	0.00000
Parafrankia	2994362	G	24	0	24	0.00000
Pseudofrankia	2994363	G	15	0	15	0.00000
Kineococcus	33981	G	76	4	80	0.00000
Angustibacter	908626	G	20	1	21	0.00000
Georgenia	154116	G	74	8	82	0.00000
Nakamurella	53460	G	65	1	66	0.00000
Jiangella	281472	G	52	1	53	0.00000
Actinopolyspora	1849	G	44	0	44	0.00000
Stackebrandtia	283810	G	22	0	22	0.00000
Bounagaea	1931219	G	28	5	33	0.00000
Catenulispora	414878	G	14	0	14	0.00000
Epidermidibacterium	2078948	G	13	4	17	0.00000
Fannyhessea	2767327	G	397	183	580	0.00002
Lancefieldella	2767353	G	66	0	66	0.00000
Parolsenella	2082587	G	15	21	36	0.00000
Thermophilibacter	2847307	G	11	0	11	0.00000
Collinsella	102106	G	11	4	15	0.00000
Eggerthella	84111	G	19	2	21	0.00000
Slackia	84108	G	14	0	14	0.00000
Berryella	2815775	G	13	19	32	0.00000
Aquihabitans	1648491	G	63	4	67	0.00000
Iamia	467975	G	18	1	19	0.00000
Dermatobacter	3075137	G	10	0	10	0.00000
Candidatus Poriferisodalis	2983190	G	57	0	57	0.00000
Ilumatobacter	682522	G	35	0	35	0.00000
Candidatus Poriferisocius	2983186	G	23	0	23	0.00000
Acidimicrobium	53634	G	19	0	19	0.00000
Capillimicrobium	2976759	G	63	4	67	0.00000
Baekduia	2600304	G	33	5	38	0.00000
Svornostia	3231543	G	10	1	11	0.00000
Conexibacter	191494	G	41	2	43	0.00000
Paraconexibacter	2758920	G	21	0	21	0.00000
Miltoncostaea	2843200	G	17	0	17	0.00000
Egicoccus	1755825	G	87	3	90	0.00000
Euzebya	908623	G	12	0	12	0.00000
Rubrobacter	42255	G	51	0	51	0.00000
Nostoc	1177	G	18514	112	18626	0.00055
Anabaena	1163	G	876	1042	1918	0.00006
Trichormus	264688	G	854	1357	2211	0.00007
Richelia	98443	G	499	8	507	0.00001
Cylindrospermum	56106	G	64	0	64	0.00000
Dolichospermum	748770	G	2211	396	2607	0.00008
Okeanomitos	3231549	G	1310	77	1387	0.00004
Cylindrospermopsis	77021	G	872	32	904	0.00003
Sphaerospermopsis	752201	G	11	1	12	0.00000
Fischerella	1190	G	2580	20	2600	0.00008
Chlorogloeopsis	1123	G	582	0	582	0.00002
Aliinostoc	2035978	G	204	13	217	0.00001
Nodularia	159191	G	129	1	130	0.00000
Anabaenopsis	110103	G	123	2	125	0.00000
Halotia	1620790	G	23	0	23	0.00000
Tolypothrix	111782	G	291	0	291	0.00001
Calothrix	1186	G	269	2	271	0.00001
Rivularia	373984	G	103	0	103	0.00000
Brasilonema	383614	G	36	0	36	0.00000
Cyanobacterium	102234	G	3956	61	4017	0.00012
Geminocystis	669357	G	3895	33	3928	0.00012
Picosynechococcus	3079908	G	1721	10	1731	0.00005
Candidatus Atelocyanobacterium	1453359	G	4868	95	4963	0.00015
Crocosphaera	263510	G	1885	13	1898	0.00006
Rippkaea	2546365	G	810	7	817	0.00002
Gloeothece	28070	G	90	0	90	0.00000
Euhalothece	65097	G	786	9	795	0.00002
Halothece	76023	G	12	0	12	0.00000
Microcystis	1125	G	323	2	325	0.00001
Gloeocapsa	102231	G	44	8	52	0.00000
Gloeocapsopsis	693222	G	14	2	16	0.00000
Trichodesmium	1205	G	5245	9	5254	0.00016
Planktothrix	54304	G	504	10	514	0.00002
Microcoleus	44471	G	28	0	28	0.00000
Planktothricoides	132607	G	1657	22	1679	0.00005
Oxynema	1492710	G	1319	9	1328	0.00004
Phormidium	1198	G	28	0	28	0.00000
Koinonema	2023214	G	19	0	19	0.00000
Limnospira	2596745	G	262	0	262	0.00001
Prochlorococcus	1218	G	15791	45	15836	0.00047
Cyanobium	167375	G	33	0	33	0.00000
Synechococcus	1129	G	5237	9	5246	0.00016
Synechocystis	1142	G	119	0	119	0.00000
Altericista	2855430	G	17	0	17	0.00000
Chroococcidiopsis	54298	G	3416	69	3485	0.00010
Pleurocapsa	44474	G	1168	19	1187	0.00004
Stanieria	102115	G	180	1	181	0.00001
Thalassoporum	2799719	G	559	2	561	0.00002
Pseudanabaena	1152	G	487	3	490	0.00001
Crinalium	241421	G	964	12	976	0.00003
Chamaesiphon	217161	G	16	0	16	0.00000
Egbenema	3079668	G	780	13	793	0.00002
Thermocoleostomius	3065395	G	41	0	41	0.00000
Thermoleptolyngbya	2303528	G	10	4	14	0.00000
Leptolyngbya	47251	G	505	60	565	0.00002
Leptothermofonsia	2917830	G	21	0	21	0.00000
Trichothermofontia	3045815	G	22	0	22	0.00000
Thermosynechococcus	146785	G	106	0	106	0.00000
Acaryochloris	155977	G	103	0	103	0.00000
Gloeobacter	33071	G	65	0	65	0.00000
Desertifilum	1185872	G	54	0	54	0.00000
Moorena	1155738	G	27	0	27	0.00000
Allocoleopsis	2886347	G	20	0	20	0.00000
Dactylococcopsis	13034	G	17	0	17	0.00000
Gloeomargarita	1188227	G	10	0	10	0.00000
Anaerolinea	233189	G	91	0	91	0.00000
Pelolinea	1649478	G	28	0	28	0.00000
Candidatus Brevifilum	2019482	G	15	0	15	0.00000
Dehalococcoides	61434	G	102	0	102	0.00000
Dehalogenimonas	670486	G	23	0	23	0.00000
Candidatus Leptofilum	3140596	G	41	0	41	0.00000
Candidatus Promineifilum	1988031	G	24	0	24	0.00000
Chloroflexus	1107	G	24	0	24	0.00000
Roseiflexus	120961	G	16	0	16	0.00000
Candidatus Chlorohelix	3139173	G	19	0	19	0.00000
Phototrophicus	2922426	G	40	0	40	0.00000
Ktedonosporobacter	2692417	G	14	0	14	0.00000
Caldilinea	233191	G	13	0	13	0.00000
Fimbriimonas	1005038	G	26	0	26	0.00000
Capsulimonas	2494209	G	24	0	24	0.00000
Chthonomonas	1077265	G	10	0	10	0.00000
Vulcanimicrobium	3016049	G	33	0	33	0.00000
Arsenophonus	637	G	800949	16723	817672	0.02418
Providencia	586	G	15346	2086	17432	0.00052
Proteus	583	G	11882	3025	14907	0.00044
Xenorhabdus	626	G	2284	40	2324	0.00007
Morganella	581	G	1087	414	1501	0.00004
Photorhabdus	29487	G	863	10	873	0.00003
Moellerella	158848	G	430	196	626	0.00002
Tatumella	82986	G	66764	3275	70039	0.00207
Buchnera	32199	G	58689	7525	66214	0.00196
Pantoea	53335	G	24962	1394	26356	0.00078
Erwinia	551	G	12091	1317	13408	0.00040
Wigglesworthia	51228	G	10641	379	11020	0.00033
Mixta	2100764	G	549	78	627	0.00002
Winslowiella	2997349	G	377	18	395	0.00001
Paramixta	3231896	G	268	14	282	0.00001
Duffyella	3026546	G	198	21642	21840	0.00065
Candidatus Blochmanniella	203804	G	9162	358	9520	0.00028
Candidatus Westeberhardia	1699619	G	10	2	12	0.00000
Candidatus Hartigia	1449912	G	3062	1437	4499	0.00013
Candidatus Williamhamiltonella	568987	G	530	72	602	0.00002
Candidatus Regiella	568988	G	93	2	95	0.00000
Symbiopectobacterium	801	G	1773	38	1811	0.00005
Candidatus Tachikawaea	1682492	G	894	149	1043	0.00003
Candidatus Purcelliella	472825	G	328	45	373	0.00001
Candidatus Mikella	1906660	G	160	5	165	0.00000
Candidatus Gullanella	1906661	G	137	5	142	0.00000
Candidatus Annandia	1302410	G	54	49	103	0.00000
Candidatus Doolittlea	1906657	G	21	0	21	0.00000
Candidatus Hoaglandella	1906659	G	15	0	15	0.00000
Escherichia	561	G	15541	66564	82105	0.00243
Klebsiella	570	G	10989	15453	26442	0.00078
Enterobacter	547	G	10491	4129	14620	0.00043
Citrobacter	544	G	8796	6378	15174	0.00045
Pseudescherichia	2055880	G	6116	2192	8308	0.00025
Candidatus Schneideria	1081630	G	4323	82	4405	0.00013
Mangrovibacter	451512	G	3315	2076	5391	0.00016
Cedecea	158483	G	2742	140	2882	0.00009
Kosakonia	1330547	G	1849	76	1925	0.00006
Siccibacter	1649298	G	1670	78	1748	0.00005
Candidatus Ishikawella	409304	G	1248	22	1270	0.00004
Salmonella	590	G	1036	18154	19190	0.00057
Leclercia	83654	G	794	308	1102	0.00003
Candidatus Profftia	1177214	G	784	56	840	0.00002
Cronobacter	413496	G	620	43	663	0.00002
Kluyvera	579	G	587	117	704	0.00002
Buttiauxella	82976	G	505	20	525	0.00002
Pluralibacter	1330546	G	312	29	341	0.00001
Dryocola	3021684	G	299	16	315	0.00001
Phytobacter	447792	G	294	127	421	0.00001
Shigella	620	G	286	2234	2520	0.00007
Lelliottia	1330545	G	258	41	299	0.00001
Candidatus Psyllophila	3682497	G	243	25	268	0.00001
Pseudocitrobacter	1504576	G	235	46	281	0.00001
Franconibacter	1649295	G	207	3	210	0.00001
Jejuibacter	2815296	G	183	3	186	0.00001
Atlantibacter	1903434	G	167	17	184	0.00001
Plesiomonas	702	G	161	29	190	0.00001
Superficieibacter	2303321	G	156	6	162	0.00000
Scandinavium	2726810	G	136	6	142	0.00000
Shimwellia	1335483	G	119	3	122	0.00000
Yokenella	158876	G	78	12	90	0.00000
Trabulsiella	158851	G	56	15	71	0.00000
Candidatus Gillettellia	1177217	G	45	0	45	0.00000
Candidatus Curculioniphilus	690591	G	16	0	16	0.00000
Candidatus Riesia	401618	G	14	0	14	0.00000
Candidatus Moranella	1048757	G	13	0	13	0.00000
Yersinia	629	G	14772	1099	15871	0.00047
Serratia	613	G	9709	3711	13420	0.00040
Candidatus Fukatsuia	1927833	G	2682	212	2894	0.00009
Rahnella	34037	G	1002	45	1047	0.00003
Gibbsiella	929812	G	489	18	507	0.00001
Rouxiella	1565532	G	472	20	492	0.00001
Chania	1745211	G	98	3	101	0.00000
Ewingella	41201	G	97	3	100	0.00000
Nissabacter	1964366	G	92	3	95	0.00000
Chimaeribacter	2716544	G	69	6	75	0.00000
Pectobacterium	122277	G	7820	340	8160	0.00024
Dickeya	204037	G	1755	89	1844	0.00005
Brenneria	71655	G	362	38	400	0.00001
Lonsdalea	1082702	G	114	4	118	0.00000
Musicola	2884243	G	55	6	61	0.00000
Prodigiosinella	3059405	G	23	33	56	0.00000
Edwardsiella	635	G	969	200	1169	0.00003
Hafnia	568	G	577	109	686	0.00002
Obesumbacterium	82982	G	27	17	44	0.00000
Sodalis	84565	G	804	14	818	0.00002
Limnobaculum	2172100	G	173	5	178	0.00001
Pragia	82984	G	105	3	108	0.00000
Leminorella	82980	G	68	1	69	0.00000
Gallaecimonas	745410	G	66	1	67	0.00000
Acinetobacter	469	G	183138	112992	296130	0.00876
Faucicola	1604696	G	3463	432	3895	0.00012
Psychrobacter	497	G	2858	129	2987	0.00009
Moraxella	475	G	1238	97	1335	0.00004
Aquirhabdus	2824158	G	72	6	78	0.00000
Lwoffella	3444169	G	30	4	34	0.00000
Pseudoalteromonas	53246	G	27836	5268	33104	0.00098
Flocculibacter	2834759	G	1297	88	1385	0.00004
Psychrosphaera	907197	G	34	8	42	0.00000
Colwellia	28228	G	11065	4576	15641	0.00046
Thalassotalea	1518149	G	7486	1157	8643	0.00026
Pseudocolwellia	2848177	G	1187	23	1210	0.00004
Thalassomonas	137583	G	749	55	804	0.00002
Cognaticolwellia	2848171	G	471	310	781	0.00002
Litorilituus	1407056	G	175	17	192	0.00001
Shewanella	22	G	9158	910	10068	0.00030
Parashewanella	2547964	G	4211	81	4292	0.00013
Psychrobium	1573826	G	23	1	24	0.00000
Alteromonas	226	G	3954	535	4489	0.00013
Salinimonas	288793	G	64	6	70	0.00000
Catenovulum	1172191	G	3110	44	3154	0.00009
Paraglaciecola	1621534	G	2529	83	2612	0.00008
Alkalimarinus	1858563	G	496	21	517	0.00002
Agarivorans	261825	G	292	9	301	0.00001
Saliniradius	2661818	G	108	4	112	0.00000
Alishewanella	111142	G	81	6	87	0.00000
Ningiella	2751156	G	41	0	41	0.00000
Brumicola	3160924	G	34	0	34	0.00000
Lacimicrobium	1751872	G	32	0	32	0.00000
Aliiglaciecola	1406885	G	27	4	31	0.00000
Saccharobesus	2894574	G	23	0	23	0.00000
Planctobacterium	2200736	G	19	0	19	0.00000
Paraneptunicella	2905123	G	16	0	16	0.00000
Neptunicella	2125985	G	11	0	11	0.00000
Hydrocarboniclastica	2650549	G	11	0	11	0.00000
Psychromonas	67572	G	7475	274	7749	0.00023
Moritella	58050	G	426	73	499	0.00001
Idiomarina	135575	G	253	26	279	0.00001
Pseudidiomarina	2800384	G	110	14	124	0.00000
Motilimonas	1914248	G	286	19	305	0.00001
Ferrimonas	44011	G	75	5	80	0.00000
Vibrio	662	G	55848	2731	58579	0.00173
Photobacterium	657	G	6556	838	7394	0.00022
Paraphotobacterium	2042066	G	2323	102	2425	0.00007
Aliivibrio	511678	G	854	98	952	0.00003
Salinivibrio	51366	G	109	2	111	0.00000
Enterovibrio	188143	G	86	2	88	0.00000
Grimontia	246861	G	63	1	64	0.00000
Parasalinivibrio	3378804	G	25	0	25	0.00000
Thaumasiovibrio	2014233	G	14	0	14	0.00000
Mannheimia	75984	G	8172	647	8819	0.00026
Mergibacter	2899790	G	6573	199	6772	0.00020
Actinobacillus	713	G	5616	638	6254	0.00018
Haemophilus	724	G	5142	607	5749	0.00017
Avibacterium	292486	G	3798	489	4287	0.00013
Pasteurella	745	G	3611	354	3965	0.00012
Gallibacterium	155493	G	2246	546	2792	0.00008
Phocoenobacter	146805	G	1764	595	2359	0.00007
Aggregatibacter	416916	G	1607	188	1795	0.00005
Frederiksenia	1649317	G	1173	107	1280	0.00004
Bisgaardia	109471	G	1161	41	1202	0.00004
Glaesserella	2094023	G	617	156	773	0.00002
Otariodibacter	1249016	G	380	14	394	0.00001
Histophilus	214906	G	341	82	423	0.00001
Rodentibacter	1960084	G	179	12	191	0.00001
Lonepinella	53416	G	128	2	130	0.00000
Testudinibacter	1755672	G	72	9	81	0.00000
Bibersteinia	476528	G	58	9	67	0.00000
Basfia	697331	G	29	1	30	0.00000
Vespertiliibacter	1520333	G	26	1	27	0.00000
Pseudomonas	286	G	29509	4268	33777	0.00100
Entomomonas	2758906	G	1709	16	1725	0.00005
Stutzerimonas	2901164	G	532	171	703	0.00002
Ectopseudomonas	3236654	G	206	339	545	0.00002
Halopseudomonas	2901189	G	174	12	186	0.00001
Phytopseudomonas	3236657	G	131	40	171	0.00001
Metapseudomonas	3236656	G	85	19	104	0.00000
Thiopseudomonas	1654787	G	73	7	80	0.00000
Aquipseudomonas	3236652	G	43	14	57	0.00000
Azotobacter	352	G	18	3	21	0.00000
Azorhizophilus	157913	G	10	8	18	0.00000
Permianibacter	1649479	G	23	0	23	0.00000
Candidatus Njordibacter	3457297	G	4111	83	4194	0.00012
Marinobacter	2742	G	1375	42	1417	0.00004
Pseudohongiella	1524249	G	10	0	10	0.00000
Rickettsiella	59195	G	2419	14	2433	0.00007
Coxiella	776	G	2189	25321	27510	0.00081
Aquicella	254245	G	25	0	25	0.00000
Candidiatus Paracoxiella	3405119	G	13	5	18	0.00000
Legionella	445	G	6402	65	6467	0.00019
Fluoribacter	461	G	12	0	12	0.00000
Thalassolituus	187492	G	9746	573	10319	0.00031
Marinomonas	28253	G	4034	126	4160	0.00012
Neptuniibacter	459520	G	735	22	757	0.00002
Bermanella	599651	G	589	6	595	0.00002
Neptunomonas	75687	G	546	10	556	0.00002
Bacterioplanoides	2066071	G	159	3	162	0.00000
Marinobacterium	48075	G	95	3	98	0.00000
Nitrincola	267849	G	59	2	61	0.00000
Aliamphritea	3018276	G	50	2	52	0.00000
Amphritea	515417	G	40	1	41	0.00000
Venatoribacter	2893036	G	27	4	31	0.00000
Halomonas	2745	G	3195	1461	4656	0.00014
Candidatus Carsonella	114185	G	1431	454	1885	0.00006
Zymobacter	33073	G	752	17	769	0.00002
Salinicola	404432	G	517	20	537	0.00002
Vreelandella	3137766	G	281	51	332	0.00001
Kushneria	504090	G	120	0	120	0.00000
Cobetia	204286	G	101	2	103	0.00000
Chromohalobacter	42054	G	62	3	65	0.00000
Billgrantia	3137761	G	40	15	55	0.00000
Halotalea	376488	G	32	0	32	0.00000
Bisbaumannia	3137762	G	21	0	21	0.00000
Aliikangiella	1920241	G	6840	11	6851	0.00020
Pleionea	1502941	G	31	0	31	0.00000
Spartinivicinus	2768738	G	3789	30	3819	0.00011
Marinicellulosiphila	3414216	G	2862	46	2908	0.00009
Endozoicomonas	305899	G	628	3	631	0.00002
Oleiphilus	141450	G	171	3	174	0.00001
Gynuella	1445504	G	101	1	102	0.00000
Salinispirillum	1649491	G	17	0	17	0.00000
Saccharospirillum	231683	G	16	0	16	0.00000
Alcanivorax	59753	G	86	2	88	0.00000
Alloalcanivorax	3020832	G	30	1	31	0.00000
Isoalcanivorax	3020833	G	16	1	17	0.00000
Hahella	158481	G	89	0	89	0.00000
Thermohahella	3449104	G	17	0	17	0.00000
Pokkaliibacter	2301194	G	21	0	21	0.00000
Litorivicinus	418700	G	10	0	10	0.00000
Gilliamella	1193503	G	17697	4209	21906	0.00065
Frischella	1335631	G	3891	436	4327	0.00013
Orbus	743714	G	2200	23	2223	0.00007
Utexia	3373510	G	52	1	53	0.00000
Zophobihabitans	2894762	G	32	0	32	0.00000
Cycloclasticus	34067	G	6873	8	6881	0.00020
Piscirickettsia	1237	G	3383	28	3411	0.00010
Thiosulfatimonas	2781121	G	659	16	675	0.00002
Thiomicrorhabdus	2039723	G	253	1	254	0.00001
Hydrogenovibrio	28884	G	221	3	224	0.00001
Methylophaga	40222	G	160	10	170	0.00001
Thiomicrospira	933	G	55	1	56	0.00000
Thiosulfativibrio	2781120	G	17	0	17	0.00000
Francisella	262	G	10380	51	10431	0.00031
Allofrancisella	1869285	G	101	0	101	0.00000
Thiothrix	1030	G	808	5	813	0.00002
Beggiatoa	1021	G	804	0	804	0.00002
Cysteiniphilum	2056696	G	78	0	78	0.00000
Aeromonas	642	G	6737	2057	8794	0.00026
Oceanisphaera	225143	G	6015	94	6109	0.00018
Oceanimonas	129577	G	72	9	81	0.00000
Zobellella	347533	G	64	9	73	0.00000
Tolumonas	43947	G	30	2	32	0.00000
Dongshaea	2802288	G	24	0	24	0.00000
Pseudaeromonas	1929090	G	13	0	13	0.00000
Succinivibrio	83770	G	1201	1	1202	0.00004
Simiduia	447467	G	1966	21	1987	0.00006
Teredinibacter	2425	G	1252	11	1263	0.00004
Saccharophagus	316625	G	1156	16	1172	0.00003
Cellvibrio	10	G	231	3	234	0.00001
Marinagarivorans	1792291	G	103	1	104	0.00000
Agarilytica	2036021	G	79	0	79	0.00000
Gilvimarinus	940550	G	32	0	32	0.00000
Marinimicrobium	359337	G	20	1	21	0.00000
Agaribacterium	2038244	G	20	0	20	0.00000
Maricurvus	1122283	G	12	0	12	0.00000
Porticoccus	1123967	G	3967	44	4011	0.00012
Microbulbifer	48073	G	1532	10	1542	0.00005
Spongiibacter	630749	G	465	3	468	0.00001
Zhongshania	1434050	G	149	4	153	0.00000
Oceanicoccus	1084558	G	84	0	84	0.00000
Halioglobus	1217416	G	32	1	33	0.00000
Congregibacter	393661	G	23	2	25	0.00000
Luminiphilus	1341118	G	23	0	23	0.00000
Kineobactrum	2678529	G	19	0	19	0.00000
Xanthomonas	338	G	5480	405	5885	0.00017
Stenotrophomonas	40323	G	1692	1617	3309	0.00010
Pseudoxanthomonas	83618	G	445	34	479	0.00001
Luteimonas	83614	G	336	10	346	0.00001
Lysobacter	68	G	248	9	257	0.00001
Thermomonas	141948	G	52	1	53	0.00000
Xylella	2370	G	46	0	46	0.00000
Solilutibacter	3382695	G	24	1	25	0.00000
Arenimonas	490567	G	16	0	16	0.00000
Agrilutibacter	3382696	G	14	0	14	0.00000
Novilysobacter	3382699	G	14	3	17	0.00000
Marilutibacter	3382698	G	11	0	11	0.00000
Luteibacter	242605	G	316	7	323	0.00001
Dyella	231454	G	297	9	306	0.00001
Rhodanobacter	75309	G	159	7	166	0.00000
Frateuria	70411	G	36	2	38	0.00000
Dokdonella	323413	G	26	0	26	0.00000
Ahniella	2233801	G	14	0	14	0.00000
Tahibacter	1453544	G	13	0	13	0.00000
Aerosticca	2707020	G	12	4	16	0.00000
Pseudolysobacter	2709666	G	12	0	12	0.00000
Marinicella	863253	G	27	0	27	0.00000
Rheinheimera	67575	G	3956	1274	5230	0.00015
Thermochromatium	85073	G	383	1	384	0.00001
Nitrosococcus	1227	G	173	0	173	0.00001
Candidatus Nitrosacidococcus	2796146	G	116	0	116	0.00000
Thiorhodovibrio	61593	G	39	0	39	0.00000
Thiodictyon	53392	G	35	0	35	0.00000
Thiocystis	13724	G	30	0	30	0.00000
Thiocapsa	1056	G	23	0	23	0.00000
Candidatus Nitrosoglobus	1980513	G	20	0	20	0.00000
Caldichromatium	2828366	G	16	0	16	0.00000
Allochromatium	85072	G	12	0	12	0.00000
Thioflavicoccus	156885	G	12	0	12	0.00000
Marichromatium	85076	G	11	0	11	0.00000
Candidatus Endoriftia	393764	G	1463	15	1478	0.00004
Candidatus Thiodiazotropha	1913444	G	266	0	266	0.00001
Thiosocius	2780488	G	16	0	16	0.00000
Thiolapillus	1608298	G	11	0	11	0.00000
Spiribacter	1335745	G	54	0	54	0.00000
Halorhodospira	85108	G	37	0	37	0.00000
Ectothiorhodospira	1051	G	31	0	31	0.00000
Thioalkalivibrio	106633	G	30	0	30	0.00000
Acidihalobacter	1765964	G	22	0	22	0.00000
Ectothiorhodosinus	233099	G	21	0	21	0.00000
Alkalilimnicola	133193	G	12	0	12	0.00000
Sediminicurvatus	3383961	G	11	0	11	0.00000
Granulosicoccus	437504	G	27	0	27	0.00000
Guyparkeria	2035712	G	35	0	35	0.00000
Halothiobacillus	109262	G	25	0	25	0.00000
Wenzhouxiangella	1676142	G	21	0	21	0.00000
Methylobacter	429	G	2173	20	2193	0.00006
Methylotuvimicrobium	2822410	G	1422	6	1428	0.00004
Methylocaldum	73778	G	433	2	435	0.00001
Methylomonas	416	G	280	1	281	0.00001
Methylococcus	413	G	55	0	55	0.00000
Methylomicrobium	39773	G	24	0	24	0.00000
Methyloprofundus	1565313	G	24	0	24	0.00000
Methylovulum	762296	G	20	0	20	0.00000
Methylomarinum	1221209	G	17	0	17	0.00000
Candidatus Methylocalor	3135206	G	17	0	17	0.00000
Candidatus Methylospira	1808977	G	10	0	10	0.00000
Methylomarinovum	1486720	G	30	0	30	0.00000
Ignatzschineria	112008	G	3118	63	3181	0.00009
Wohlfahrtiimonas	582472	G	319	44	363	0.00001
Cardiobacterium	2717	G	62	0	62	0.00000
Suttonella	13275	G	27	0	27	0.00000
Dichelobacter	869	G	15	3	18	0.00000
Candidatus Pseudothioglobus	2841677	G	1741	22	1763	0.00005
Candidatus Vesicomyidisocius	2732587	G	48	0	48	0.00000
Candidatus Thioglobus	655184	G	34	0	34	0.00000
Candidatus Thiodubiliella	2738885	G	19	0	19	0.00000
Candidatus Ruthturnera	1541743	G	12	0	12	0.00000
Candidatus Palibaumannia	198346	G	524	5	529	0.00002
Candidatus Reidiella	2738850	G	64	21	85	0.00000
Candidatus Vondammii	2686004	G	18	14	32	0.00000
Celerinatantimonas	412033	G	22	0	22	0.00000
Candidatus Steffania	1076625	G	22	0	22	0.00000
Kangiella	261963	G	1094	12	1106	0.00003
Solimonas	413435	G	92	1	93	0.00000
Hydrocarboniphaga	243627	G	36	0	36	0.00000
Nevskia	64001	G	15	0	15	0.00000
Algiphilus	1266053	G	13	0	13	0.00000
Candidatus Comchoanobacter	2975286	G	95	0	95	0.00000
Sulfurivermis	2034504	G	58	63	121	0.00000
Sulfurifustis	1692042	G	17	0	17	0.00000
Acidiferrobacter	986106	G	11	0	11	0.00000
Salinisphaera	180541	G	22	0	22	0.00000
Candidatus Spongiihabitans	3033996	G	20	0	20	0.00000
Thiohalobacter	1273155	G	19	0	19	0.00000
Candidatus Portiera	235572	G	19	0	19	0.00000
Steroidobacter	469322	G	12	1	13	0.00000
Parasaccharibacter	1602345	G	63776	684	64460	0.00191
Acetobacter	434	G	11419	1953	13372	0.00040
Asaia	91914	G	11347	3450	14797	0.00044
Gluconobacter	441	G	11251	2201	13452	0.00040
Komagataeibacter	1434011	G	6608	2519	9127	0.00027
Neokomagataea	1223423	G	4243	333	4576	0.00014
Oecophyllibacter	2791118	G	2638	37	2675	0.00008
Commensalibacter	1079922	G	2465	133	2598	0.00008
Kozakia	153497	G	1017	365	1382	0.00004
Formicincola	2952773	G	933	10	943	0.00003
Granulibacter	364409	G	917	52	969	0.00003
Neoasaia	320496	G	804	88	892	0.00003
Novacetimonas	2919364	G	781	803	1584	0.00005
Aristophania	3027666	G	754	33	787	0.00002
Nguyenibacter	1519186	G	715	30	745	0.00002
Candidatus Kirkpatrickella	3097638	G	689	29	718	0.00002
Gluconacetobacter	89583	G	622	63	685	0.00002
Lichenicoccus	2781897	G	576	20	596	0.00002
Lichenicola	2804525	G	545	12	557	0.00002
Swingsia	1649499	G	354	55	409	0.00001
Entomobacter	2811380	G	216	8	224	0.00001
Acidibrevibacterium	2603324	G	176	30	206	0.00001
Pararoseomonas	2870712	G	133	72	205	0.00001
Rhodovastum	504465	G	123	5	128	0.00000
Rhodopila	1070	G	106	2	108	0.00000
Roseomonas	125216	G	1219	154	1373	0.00004
Sediminicoccus	1706033	G	266	30	296	0.00001
Roseococcus	35812	G	106	17	123	0.00000
Muricoccus	3409995	G	104	10	114	0.00000
Humitalea	1223303	G	68	2	70	0.00000
Dankookia	1940143	G	62	5	67	0.00000
Acidocella	50709	G	204	8	212	0.00001
Acidiphilium	522	G	165	7	172	0.00001
Acidisoma	512381	G	140	3	143	0.00000
Elioraea	457933	G	48	0	48	0.00000
Rhizobium	379	G	2708	293	3001	0.00009
Agrobacterium	357	G	1502	930	2432	0.00007
Pararhizobium	1612611	G	248	44	292	0.00001
Neorhizobium	1525371	G	180	20	200	0.00001
Pseudorhizobium	1903858	G	43	11	54	0.00000
Shinella	323620	G	2901	553	3454	0.00010
Liberibacter	34019	G	2409	183	2592	0.00008
Lentilitoribacter	1649463	G	2092	22	2114	0.00006
Sinorhizobium	28105	G	1188	65	1253	0.00004
Ensifer	106591	G	132	11	143	0.00000
Hoeflea	274591	G	296	14	310	0.00001
Terrirhizobium	3464117	G	90	7	97	0.00000
Peteryoungia	2853332	G	41	3	44	0.00000
Georhizobium	2661800	G	30	5	35	0.00000
Affinirhizobium	3070964	G	30	4	34	0.00000
Paenirhizobium	3070963	G	15	6	21	0.00000
Bartonella	773	G	12867	479	13346	0.00039
Afipia	1033	G	3499	148	3647	0.00011
Bradyrhizobium	374	G	2280	57	2337	0.00007
Rhodopseudomonas	1073	G	129	7	136	0.00000
Tardiphaga	1395974	G	128	2	130	0.00000
Nitrobacter	911	G	81	1	82	0.00000
Variibacter	1649510	G	20	0	20	0.00000
Rugositalea	3466653	G	10	0	10	0.00000
Mesorhizobium	68287	G	4705	306	5011	0.00015
Phyllobacterium	28100	G	555	22	577	0.00002
Nitratireductor	245876	G	192	36	228	0.00001
Aminobacter	31988	G	83	95	178	0.00001
Aquibium	2911176	G	15	1	16	0.00000
Terribium	3143704	G	11	5	16	0.00000
Chelativorans	449972	G	10	1	11	0.00000
Stappia	152161	G	1284	252	1536	0.00005
Roseibium	150830	G	1281	98	1379	0.00004
Breoghania	1406135	G	110	3	113	0.00000
Pannonibacter	227873	G	66	78	144	0.00000
Pseudovibrio	258255	G	50	0	50	0.00000
Labrenzia	478070	G	41	22	63	0.00000
Brucella	234	G	874	1084	1958	0.00006
Ochrobactrum	528	G	40	163	203	0.00001
Pseudochrobactrum	354349	G	117	13	130	0.00000
Pelagibacterium	1082930	G	947	18	965	0.00003
Devosia	46913	G	648	22	670	0.00002
Maritalea	623276	G	36	0	36	0.00000
Paradevosia	1573407	G	31	5	36	0.00000
Mariluticola	3064792	G	19	0	19	0.00000
Methylobacterium	407	G	1070	93	1163	0.00003
Microvirga	186650	G	218	6	224	0.00001
Methylorubrum	2282523	G	209	34	243	0.00001
Aureimonas	414371	G	610	143	753	0.00002
Martelella	293088	G	164	44	208	0.00001
Antarcticirhabdus	3042730	G	59	5	64	0.00000
Jiella	1775688	G	28	1	29	0.00000
Aurantimonas	182269	G	15	1	16	0.00000
Ancylobacter	99	G	260	19	279	0.00001
Starkeya	152053	G	161	6	167	0.00000
Xanthobacter	279	G	131	24	155	0.00000
Labrys	204476	G	102	18	120	0.00000
Aquabacter	45402	G	49	1	50	0.00000
Pseudolabrys	556257	G	39	1	40	0.00000
Azorhizobium	6	G	21	1	22	0.00000
Methylocystis	133	G	367	16	383	0.00001
Methylosinus	425	G	70	3	73	0.00000
Candidatus Hodgkinia	573657	G	248	0	248	0.00001
Nordella	169055	G	66	0	66	0.00000
Enhydrobacter	212791	G	29	0	29	0.00000
Terrihabitans	2874214	G	24	0	24	0.00000
Pseudorhodoplanes	1734920	G	17	0	17	0.00000
Bosea	85413	G	331	17	348	0.00001
Salinarimonas	690086	G	293	15	308	0.00001
Pyruvatibacter	1742974	G	91	13	104	0.00000
Kaustia	2838250	G	52	1	53	0.00000
Candidatus Phaeomarinibacter	1541445	G	42	0	42	0.00000
Parvibaculum	256616	G	31	13	44	0.00000
Anderseniella	444432	G	30	2	32	0.00000
Tepidicaulis	1742977	G	17	20	37	0.00000
Hyphomicrobium	81	G	100	1	101	0.00000
Rhodomicrobium	1068	G	37	0	37	0.00000
Methyloligella	1485594	G	37	0	37	0.00000
Methyloceanibacter	1484898	G	25	0	25	0.00000
Methylocella	120652	G	62	2	64	0.00000
Methylovirgula	1156568	G	57	1	58	0.00000
Beijerinckia	532	G	35	1	36	0.00000
Methylocapsa	184923	G	20	1	21	0.00000
Oceaniradius	2679892	G	56	44	100	0.00000
Oricola	1594166	G	46	3	49	0.00000
Ahrensia	152180	G	27	0	27	0.00000
Roseitalea	1915401	G	27	2	29	0.00000
Cohaesibacter	655352	G	108	2	110	0.00000
Reyranella	445219	G	78	1	79	0.00000
Pleomorphomonas	261933	G	60	4	64	0.00000
Hartmannibacter	1572860	G	16	2	18	0.00000
Kaistia	166953	G	49	3	52	0.00000
Bauldia	1145345	G	22	0	22	0.00000
Phreatobacter	1632780	G	70	2	72	0.00000
Chenggangzhangella	2041902	G	49	1	50	0.00000
Rhodoligotrophos	987053	G	44	0	44	0.00000
Coralliovum	3228940	G	44	0	44	0.00000
Acuticoccus	1904377	G	43	1	44	0.00000
Lichenihabitans	2723776	G	37	0	37	0.00000
Blastochloris	59282	G	36	1	37	0.00000
Salaquimonas	2712688	G	34	0	34	0.00000
Alsobacter	1502180	G	29	1	30	0.00000
Aestuariivirga	2650923	G	24	0	24	0.00000
Chelatococcus	28209	G	24	1	25	0.00000
Terrirubrum	3142786	G	22	0	22	0.00000
Afifella	643217	G	17	2	19	0.00000
Rickettsia	780	G	11257	1528	12785	0.00038
Orientia	69474	G	3656	108	3764	0.00011
Candidatus Tisiphia	2996317	G	1550	733	2283	0.00007
Candidatus Trichorickettsia	1522201	G	1457	44	1501	0.00004
Candidatus Megaera	1742636	G	124	0	124	0.00000
Candidatus Phycorickettsia	2115980	G	13	0	13	0.00000
Wolbachia	953	G	10804	56	10860	0.00032
Ehrlichia	943	G	2994	14	3008	0.00009
Candidatus Neoehrlichia	467749	G	128	1	129	0.00000
Candidatus Mesenet	2883098	G	51	0	51	0.00000
Anaplasma	768	G	17	0	17	0.00000
Candidatus Bandiella	2716172	G	80	0	80	0.00000
Candidatus Lariskella	1175554	G	31	0	31	0.00000
Candidatus Midichloria	411566	G	12	0	12	0.00000
Candidatus Deianiraea	2603321	G	32	0	32	0.00000
Sphingomonas	13687	G	5705	1294	6999	0.00021
Novosphingobium	165696	G	1623	123	1746	0.00005
Stakelama	1124625	G	28	1	29	0.00000
Hankyongella	1763827	G	27	1	28	0.00000
Alterisphingorhabdus (ex Yan et al. 2024)	3382518	G	25	0	25	0.00000
Parablastomonas	1654718	G	19	1	20	0.00000
Tardibacter	2685927	G	19	13	32	0.00000
Citromicrobium	72173	G	14	0	14	0.00000
Sphingosinithalassobacter	2676233	G	13	0	13	0.00000
Sphingobium	165695	G	5143	1941	7084	0.00021
Sphingorhabdus	1434046	G	1846	61	1907	0.00006
Parasphingorhabdus	2709685	G	171	8	179	0.00001
Novosphingopyxis	2709686	G	60	3	63	0.00000
Qipengyuania	1855416	G	434	51	485	0.00001
Erythrobacter	1041	G	281	40	321	0.00001
Porphyrobacter	1111	G	59	16	75	0.00000
Croceibacterium	2676755	G	334	16	350	0.00001
Altererythrobacter	361177	G	276	42	318	0.00001
Croceicoccus	1295327	G	134	42	176	0.00001
Pelagerythrobacter	2800685	G	73	12	85	0.00000
Aurantiacibacter	2800681	G	55	4	59	0.00000
Tsuneonella	2800686	G	50	2	52	0.00000
Caenibius	2827482	G	44	2	46	0.00000
Parerythrobacter	2800684	G	21	1	22	0.00000
Pseudoblastomonas	3423750	G	14	1	15	0.00000
Paraurantiacibacter	2800682	G	12	0	12	0.00000
Rhizorhabdus	1649486	G	778	376	1154	0.00003
Alterirhizorhabdus	3423723	G	29	2	31	0.00000
Sphingopyxis	165697	G	481	42	523	0.00002
Polymorphobacter	1508451	G	53	3	56	0.00000
Glacieibacterium	2860235	G	43	5	48	0.00000
Sphingosinicella	335405	G	30	7	37	0.00000
Sandaracinobacteroides	2883109	G	13	0	13	0.00000
Zymomonas	541	G	119	32	151	0.00000
Allosphingosinicella	2823232	G	50	3	53	0.00000
Sphingomicrobium	1227948	G	33	1	34	0.00000
Blastomonas	150203	G	56	1	57	0.00000
Parasphingopyxis	1234545	G	54	1	55	0.00000
Aquisediminimonas	2676781	G	22	0	22	0.00000
Candidatus Pelagibacter	198251	G	13829	87	13916	0.00041
Candidatus Fonsibacter	2045213	G	74	1	75	0.00000
Paracoccus	265	G	1118	284	1402	0.00004
Yoonia	2211641	G	368	30	398	0.00001
Aliiroseovarius	1658781	G	336	22	358	0.00001
Aestuariibius	2109360	G	147	4	151	0.00000
Thioclava	285107	G	144	26	170	0.00001
Pseudooceanicola	1679449	G	121	12	133	0.00000
Cereibacter	1653176	G	119	21	140	0.00000
Limimaricola	2211638	G	108	10	118	0.00000
Tabrizicola	1443919	G	106	23	129	0.00000
Rhodovulum	34008	G	105	15	120	0.00000
Roseinatronobacter	121820	G	101	2	103	0.00000
Tritonibacter	2083206	G	84	41	125	0.00000
Parasedimentitalea	2738399	G	71	2	73	0.00000
Pelagovum	2795377	G	60	3	63	0.00000
Pontivivens	1844015	G	59	9	68	0.00000
Marivivens	1759396	G	52	8	60	0.00000
Pseudogemmobacter	2663134	G	43	2	45	0.00000
Pacificitalea	2846749	G	43	16	59	0.00000
Cognatishimia	2211635	G	41	1	42	0.00000
Falsirhodobacter	1434002	G	40	3	43	0.00000
Abyssibius	3029205	G	40	3	43	0.00000
Algicella	3050722	G	40	0	40	0.00000
Paragemmobacter	3143992	G	39	8	47	0.00000
Gymnodinialimonas	2937410	G	37	1	38	0.00000
Haematobacter	366614	G	37	46	83	0.00000
Fuscovulum	2818469	G	35	8	43	0.00000
Nioella	1775424	G	34	1	35	0.00000
Pukyongiella	2831925	G	30	13	43	0.00000
Frigidibacter	1775705	G	30	14	44	0.00000
Qingshengfaniella	2816884	G	27	1	28	0.00000
Planktomarina	1284657	G	24	1	25	0.00000
Paroceanicella	2683599	G	24	9	33	0.00000
Vannielia	2813041	G	22	0	22	0.00000
Brevirhabdus	1855413	G	20	20	40	0.00000
Pseudopelagicola	1649483	G	20	0	20	0.00000
Polymorphum	991903	G	18	9	27	0.00000
Gemmobacter	204456	G	18	4	22	0.00000
Pseudorhodobacter	238783	G	17	0	17	0.00000
Neotabrizicola	2946607	G	17	4	21	0.00000
Profundibacter	2778525	G	16	0	16	0.00000
Pseudophaeobacter	1541822	G	16	8	24	0.00000
Pseudoroseicyclus	1813601	G	16	0	16	0.00000
Amaricoccus	56999	G	15	1	16	0.00000
Silicimonas	1955420	G	15	0	15	0.00000
Fontisubflavum	3118803	G	14	0	14	0.00000
Albidovulum	205889	G	13	0	13	0.00000
Marinibacterium	1931200	G	11	1	12	0.00000
Arenibacterium	2824249	G	10	3	13	0.00000
Amylibacter	1617805	G	10	0	10	0.00000
Roseicitreum	1209946	G	10	0	10	0.00000
Sulfitobacter	60136	G	655	157	812	0.00002
Roseovarius	74030	G	311	38	349	0.00001
Phaeobacter	302485	G	220	79	299	0.00001
Leisingera	191028	G	196	17	213	0.00001
Ruegeria	97050	G	178	52	230	0.00001
Roseobacter	2433	G	118	2	120	0.00000
Ketogulonicigenium	92944	G	115	11	126	0.00000
Celeribacter	875170	G	97	39	136	0.00000
Thalassovita	335927	G	83	3	86	0.00000
Jannaschia	188905	G	74	2	76	0.00000
Tateyamaria	299261	G	66	1	67	0.00000
Pseudosulfitobacter	2854186	G	54	29	83	0.00000
Octadecabacter	53945	G	49	7	56	0.00000
Rhodophyticola	2680018	G	49	0	49	0.00000
Alloyangia	2919626	G	49	3	52	0.00000
Pelagimonas	1434029	G	47	3	50	0.00000
Shimia	573139	G	45	3	48	0.00000
Palleronia	315422	G	42	0	42	0.00000
Roseicyclus	336277	G	42	1	43	0.00000
Phycobium	3479963	G	40	0	40	0.00000
Roseivivax	93682	G	37	5	42	0.00000
Aliiphycobium	3479962	G	36	2	38	0.00000
Aliisedimentitalea	1697958	G	34	4	38	0.00000
Marinovum	367771	G	34	6	40	0.00000
Salipiger	263377	G	34	25	59	0.00000
Thalassococcus	436357	G	33	0	33	0.00000
Tropicibacter	599653	G	26	1	27	0.00000
Mameliella	1434019	G	26	2	28	0.00000
Falsihalocynthiibacter	2854182	G	26	0	26	0.00000
Oceanicola	252301	G	25	0	25	0.00000
Algirhabdus	3412738	G	24	0	24	0.00000
Loktanella	245186	G	24	1	25	0.00000
Actibacterium	1433986	G	22	22	44	0.00000
Sagittula	58842	G	20	13	33	0.00000
Dinoroseobacter	309512	G	19	15	34	0.00000
Antarctobacter	74032	G	15	0	15	0.00000
Thalassovivens	3680327	G	13	0	13	0.00000
Seohaeicola	481178	G	13	0	13	0.00000
Lentibacter	1434014	G	13	1	14	0.00000
Nereida	282198	G	12	0	12	0.00000
Marivita	659428	G	12	0	12	0.00000
Thalassobacter	266808	G	11	0	11	0.00000
Ponticoccus	983507	G	10	1	11	0.00000
Rhodobacter	1060	G	90	8	98	0.00000
Candidatus Nucleicultrix	1509243	G	4783	403	5186	0.00015
Candidatus Cytomitobacter	2601574	G	216	1	217	0.00001
Candidatus Nesciobacter	2601651	G	77	0	77	0.00000
Candidatus Gromoviella	2900571	G	12	0	12	0.00000
Candidatus Bealeia	1920992	G	11	0	11	0.00000
Candidatus Bodocaedibacter	3163645	G	26	0	26	0.00000
Candidatus Odyssella	84646	G	16	0	16	0.00000
Candidatus Endolissoclinum	1263978	G	832	6	838	0.00002
Ferrovibrio	1231242	G	269	5	274	0.00001
Magnetospirillum	13134	G	108	47	155	0.00000
Rhodospirillum	1081	G	78	6	84	0.00000
Pararhodospirillum	1612157	G	43	1	44	0.00000
Aerophototrophica	2811387	G	36	1	37	0.00000
Defluviicoccus	111830	G	24	2	26	0.00000
Azospirillum	191	G	728	53	781	0.00002
Niveispirillum	1543704	G	120	18	138	0.00000
Skermanella	204447	G	73	20	93	0.00000
Nitrospirillum	1543705	G	67	6	73	0.00000
Indioceanicola	2478349	G	39	3	42	0.00000
Terasakiella	196080	G	729	0	729	0.00002
Thalassospira	168934	G	503	15	518	0.00002
Magnetospira	1182780	G	71	0	71	0.00000
Thalassobaculum	526215	G	89	11	100	0.00000
Nisaea	390876	G	59	9	68	0.00000
Caenispirillum	414051	G	62	3	65	0.00000
Haematospirillum	1804663	G	45	1	46	0.00000
Pelagibius	643951	G	44	0	44	0.00000
Algihabitans	2821512	G	42	0	42	0.00000
Zavarzinia	204446	G	67	1	68	0.00000
Aestuariispira	1647175	G	37	0	37	0.00000
Hwanghaeella	2605940	G	29	0	29	0.00000
Hypericibacter	2705399	G	63	2	65	0.00000
Allostella	93	G	54	1	55	0.00000
Paramagnetospirillum	3031148	G	26	30	56	0.00000
Varunaivibrio	1866954	G	11	0	11	0.00000
Brevundimonas	41275	G	854	98	952	0.00003
Caulobacter	75	G	355	22	377	0.00001
Asticcacaulis	76890	G	172	7	179	0.00001
Phenylobacterium	20	G	115	8	123	0.00000
Terricaulis	2768684	G	17	0	17	0.00000
Candidatus Levibacter	3457288	G	936	8	944	0.00003
Candidatus Ponderosibacter	3457287	G	43	1	44	0.00000
Candidatus Puniceispirillum	767891	G	29	1	30	0.00000
Pseudemcibacter	2943291	G	415	5	420	0.00001
Emcibacter	1602338	G	51	0	51	0.00000
Luteithermobacter	2813803	G	45	2	47	0.00000
Paremcibacter	2813804	G	27	0	27	0.00000
Hyphobacterium	2004661	G	139	34	173	0.00001
Maricaulis	74317	G	124	5	129	0.00000
Oceanicaulis	153232	G	87	1	88	0.00000
Glycocaulis	1433402	G	60	8	68	0.00000
Marinicauda	1649466	G	19	5	24	0.00000
Algimonas	1246884	G	55	0	55	0.00000
Litorimonas	1167830	G	21	0	21	0.00000
Fretibacter	1649331	G	11	1	12	0.00000
Tistrella	171436	G	267	82	349	0.00001
Marinivivus	3457535	G	42	0	42	0.00000
Parvularcula	208215	G	141	23	164	0.00000
Hyphococcus	2038635	G	90	1	91	0.00000
Aquisalinus	1795639	G	35	1	36	0.00000
Hyphomonas	85	G	153	10	163	0.00000
Hirschia	2723	G	34	0	34	0.00000
Candidatus Viadribacter	2892997	G	23	0	23	0.00000
Kordiimonas	288021	G	130	2	132	0.00000
Temperatibacter	1549129	G	22	0	22	0.00000
Gimibacter	3058346	G	18	0	18	0.00000
Radicibacter	3462474	G	69	2	71	0.00000
Sneathiella	510690	G	51	0	51	0.00000
Minwuia	2493629	G	40	14	54	0.00000
Polynucleobacter	44013	G	13686	357	14043	0.00042
Burkholderia	32008	G	2803	364	3167	0.00009
Ralstonia	48736	G	984	105	1089	0.00003
Paraburkholderia	1822464	G	793	56	849	0.00003
Cupriavidus	106589	G	641	92	733	0.00002
Pandoraea	93217	G	184	22	206	0.00001
Caballeronia	1827195	G	179	20	199	0.00001
Candidatus Vallotiella	2018044	G	84	3	87	0.00000
Robbsia	2038280	G	72	3	75	0.00000
Mycoavidus	1810868	G	37	1	38	0.00000
Limnobacter	131079	G	28	4	32	0.00000
Pararobbsia	2718863	G	23	0	23	0.00000
Trinickia	2571160	G	21	1	22	0.00000
Mycetohabitans	2571159	G	18	0	18	0.00000
Ephemeroptericola	2680021	G	15	0	15	0.00000
Lautropia	47670	G	12	1	13	0.00000
Herbaspirillum	963	G	3512	154	3666	0.00011
Undibacterium	401469	G	3271	93	3364	0.00010
Massilia	149698	G	336	24	360	0.00001
Pseudoduganella	1522432	G	168	12	180	0.00001
Telluria	34069	G	109	17	126	0.00000
Duganella	75654	G	91	3	94	0.00000
Rugamonas	212744	G	22	2	24	0.00000
Candidatus Zinderia	884214	G	398	70	468	0.00001
Janthinobacterium	29580	G	177	11	188	0.00001
Oxalobacter	846	G	172	11	183	0.00001
Collimonas	202907	G	61	2	63	0.00000
Noviherbaspirillum	1344552	G	44	1	45	0.00000
Herminiimonas	303379	G	18	0	18	0.00000
Actimicrobium	1051898	G	12	0	12	0.00000
Neoundibacterium	3078232	G	10	0	10	0.00000
Comamonas	283	G	924	107	1031	0.00003
Variovorax	34072	G	904	73	977	0.00003
Polaromonas	52972	G	834	89	923	0.00003
Acidovorax	12916	G	723	176	899	0.00003
Alicycliphilus	201096	G	378	212	590	0.00002
Hydrogenophaga	47420	G	251	47	298	0.00001
Rhodoferax	28065	G	214	16	230	0.00001
Diaphorobacter	238749	G	209	58	267	0.00001
Ottowia	219181	G	173	30	203	0.00001
Delftia	80865	G	131	90	221	0.00001
Ramlibacter	174951	G	111	7	118	0.00000
Paracidovorax	3051137	G	108	23	131	0.00000
Limnohabitans	665874	G	76	4	80	0.00000
Pulveribacter	2678886	G	29	2	31	0.00000
Vandammella	2919468	G	29	0	29	0.00000
Paenacidovorax	3051138	G	25	3	28	0.00000
Serpentinimonas	2490452	G	21	1	22	0.00000
Verminephrobacter	364316	G	17	0	17	0.00000
Melaminivora	1649468	G	15	4	19	0.00000
Hylemonella	232523	G	12	0	12	0.00000
Curvibacter	281915	G	12	2	14	0.00000
Taylorella	29574	G	1515	201	1716	0.00005
Achromobacter	222	G	498	114	612	0.00002
Bordetella	517	G	387	109	496	0.00001
Orrella	1921582	G	305	64	369	0.00001
Basilea	1472344	G	263	30	293	0.00001
Paenalcaligenes	1100891	G	217	99	316	0.00001
Alcaligenes	507	G	203	23	226	0.00001
Oligella	90243	G	192	14	206	0.00001
Pigmentiphaga	152267	G	101	6	107	0.00000
Pelistega	106146	G	93	9	102	0.00000
Castellaniella	359336	G	63	8	71	0.00000
Advenella	290425	G	41	4	45	0.00000
Kerstersia	257820	G	30	3	33	0.00000
Neopusillimonas	2987605	G	20	7	27	0.00000
Paralcaligenes	1148163	G	17	1	18	0.00000
Pollutimonas	2987599	G	16	2	18	0.00000
Candidatus Ichthyocystis	2929841	G	958	2	960	0.00003
Xylophilus	54066	G	47	4	51	0.00000
Thiomonas	32012	G	40	1	41	0.00000
Eleftheria	1597779	G	38	2	40	0.00000
Aquabacterium	92793	G	31	2	33	0.00000
Rhizobacter	212743	G	19	1	20	0.00000
Piscinibacterium	2066914	G	18	0	18	0.00000
Tepidimonas	114248	G	14	12	26	0.00000
Roseateles	93681	G	337	27	364	0.00001
Piscinibacter	1114981	G	287	32	319	0.00001
Methylibium	316612	G	63	3	66	0.00000
Rubrivivax	28067	G	44	4	48	0.00000
Sphaerotilus	34102	G	40	5	45	0.00000
Caldimonas	196013	G	31	5	36	0.00000
Aquincola	391952	G	26	5	31	0.00000
Inhella	644355	G	24	2	26	0.00000
Leptothrix	88	G	20	0	20	0.00000
Ideonella	36862	G	13	5	18	0.00000
Duodenibacillus	1980697	G	59	4	63	0.00000
Turicimonas	1918598	G	40	0	40	0.00000
Sutterella	40544	G	39	3	42	0.00000
Snodgrassella	1193515	G	7863	202	8065	0.00024
Neisseria	482	G	2129	316	2445	0.00007
Vitreoscilla	59	G	319	0	319	0.00001
Eikenella	538	G	233	9	242	0.00001
Aquella	2593687	G	111	0	111	0.00000
Kingella	32257	G	44	1	45	0.00000
Uruburuella	299568	G	30	0	30	0.00000
Alysiella	194195	G	29	0	29	0.00000
Wielerella	2944815	G	25	0	25	0.00000
Deefgea	400947	G	275	6	281	0.00001
Chitinibacter	230666	G	101	5	106	0.00000
Iodobacter	32014	G	69	7	76	0.00000
Chitinirhabdus	3683957	G	32	0	32	0.00000
Chitiniphilus	585890	G	31	2	33	0.00000
Jeongeupia	885864	G	27	0	27	0.00000
Chitinimonas	240411	G	22	0	22	0.00000
Silvimonas	300264	G	20	0	20	0.00000
Chromobacterium	535	G	170	8	178	0.00001
Aquitalea	407217	G	88	5	93	0.00000
Paludibacterium	400060	G	34	0	34	0.00000
Vogesella	57739	G	31	1	32	0.00000
Laribacter	168470	G	28	15	43	0.00000
Aquaspirillum	187	G	23	0	23	0.00000
Microvirgula	57479	G	15	0	15	0.00000
Candidatus Kinetoplastidibacterium	33055	G	9546	2882	12428	0.00037
Candidatus Vidania	1191175	G	38	225	263	0.00001
Casimicrobium	2706000	G	15	2	17	0.00000
Chitinivorax	1433992	G	12	1	13	0.00000
Candidatus Profftella	1381133	G	11	67	78	0.00000
Candidatus Accumulibacter	327159	G	10	0	10	0.00000
Candidatus Methylopumilus	1679002	G	6722	30	6752	0.00020
Methylophilus	16	G	738	2	740	0.00002
Methylotenera	359407	G	42	0	42	0.00000
Methyloradius	2872156	G	24	0	24	0.00000
Methylobacillus	404	G	20	2	22	0.00000
Methylovorus	81682	G	11	0	11	0.00000
Nitrosomonas	914	G	544	18	562	0.00002
Nitrosospira	35798	G	213	0	213	0.00001
Usitatibacter	2803845	G	374	2	376	0.00001
Denitratisoma	311181	G	27	5	32	0.00000
Methyloversatilis	378210	G	27	0	27	0.00000
Sulfuritalea	1054211	G	23	0	23	0.00000
Sulfuricystis	3050898	G	23	3	26	0.00000
Sulfuriferula	1778653	G	73	3	76	0.00000
Sulfuricella	935200	G	11	0	11	0.00000
Sideroxydans	314343	G	30	0	30	0.00000
Candidatus Nitrotoga	453161	G	20	0	20	0.00000
Gallionella	96	G	18	0	18	0.00000
Ferrigenium	2249462	G	12	0	12	0.00000
Thiobacillus	919	G	20	1	21	0.00000
Sulfuritortus	1938335	G	17	4	21	0.00000
Fluviibacter	2808942	G	361	44	405	0.00001
Parazoarcus	2891322	G	127	12	139	0.00000
Thauera	33057	G	80	16	96	0.00000
Azoarcus	12960	G	56	3	59	0.00000
Nitrogeniibacter	2891294	G	15	0	15	0.00000
Azospira	146937	G	103	8	111	0.00000
Niveibacterium	1769726	G	60	1	61	0.00000
Aromatoleum	551759	G	21	0	21	0.00000
Oryzomicrobium	1911577	G	10	0	10	0.00000
Dechloromonas	73029	G	29	6	35	0.00000
Ferribacterium	88875	G	21	1	22	0.00000
Azonexus	146936	G	21	4	25	0.00000
Ferrovum	416212	G	19	0	19	0.00000
Acidithiobacillus	119977	G	422	4	426	0.00001
Mariprofundus	377315	G	38	0	38	0.00000
Magnetococcus	162171	G	26	0	26	0.00000
Hydrogenophilus	70774	G	21	0	21	0.00000
Flavobacterium	237	G	144936	16572	161508	0.00478
Polaribacter	52959	G	38142	7848	45990	0.00136
Tenacibaculum	104267	G	33343	7770	41113	0.00122
Capnocytophaga	1016	G	14958	709	15667	0.00046
Winogradskyella	286104	G	10439	1948	12387	0.00037
Aquimarina	290174	G	10136	494	10630	0.00031
Flagellimonas	444459	G	9796	3617	13413	0.00040
Formosa	225842	G	9644	3837	13481	0.00040
Lacinutrix	291183	G	9590	2484	12074	0.00036
Myroides	76831	G	9372	1760	11132	0.00033
Lutibacter	358023	G	8502	841	9343	0.00028
Antarcticibacterium	2058174	G	6455	2934	9389	0.00028
Nonlabens	363408	G	6349	2014	8363	0.00025
Maribacter	252356	G	4921	1023	5944	0.00018
Seonamhaeicola	1649495	G	4872	525	5397	0.00016
Aegicerativicinus	2893197	G	4055	230	4285	0.00013
Salegentibacter	143222	G	2968	4053	7021	0.00021
Algibacter	261827	G	2822	1032	3854	0.00011
Zunongwangia	417127	G	2650	1388	4038	0.00012
Abyssalbus	2967089	G	2528	110	2638	0.00008
Flavivirga	1209327	G	2435	185	2620	0.00008
Cellulophaga	104264	G	2345	468	2813	0.00008
Marixanthomonas	387658	G	2247	1160	3407	0.00010
Dokdonia	326319	G	2140	56	2196	0.00006
Christiangramia	292691	G	1928	258	2186	0.00006
Zhouia	561555	G	1895	777	2672	0.00008
Pontimicrobium	2918913	G	1849	764	2613	0.00008
Kordia	221065	G	1719	130	1849	0.00005
Mesoflavibacter	444051	G	1478	114	1592	0.00005
Mariniflexile	527198	G	1406	156	1562	0.00005
Aureibaculum	2706948	G	1390	208	1598	0.00005
Bizionia	283785	G	1380	486	1866	0.00006
Oceanihabitans	2045416	G	1164	851	2015	0.00006
Pseudalgibacter	2861660	G	1158	411	1569	0.00005
Galbibacter	379068	G	828	407	1235	0.00004
Paenimyroides	3085669	G	823	2981	3804	0.00011
Allotamlana	3400365	G	820	111	931	0.00003
Amniculibacterium	2715289	G	810	788	1598	0.00005
Costertonia	343334	G	753	465	1218	0.00004
Wenyingzhuangia	1518147	G	735	72	807	0.00002
Arenibacter	178469	G	732	863	1595	0.00005
Patiriisocius	2822394	G	730	154	884	0.00003
Thalassobellus	3400333	G	665	166	831	0.00002
Aequorivita	153265	G	606	28	634	0.00002
Zobellia	112040	G	539	42	581	0.00002
Psychroflexus	83612	G	522	21	543	0.00002
Candidatus Marifrigoribacter	3457289	G	517	79	596	0.00002
Leeuwenhoekiella	283735	G	479	329	808	0.00002
Sediminicola	389486	G	476	30	506	0.00001
Hwangdonia	1649460	G	438	187	625	0.00002
Olleya	336276	G	417	142	559	0.00002
Allomuricauda	111500	G	302	13	315	0.00001
Psychroserpens	49277	G	287	323	610	0.00002
Siansivirga	1204360	G	276	68	344	0.00001
Urechidicola	2700084	G	261	255	516	0.00002
Tamlana	393005	G	212	270	482	0.00001
Mangrovimonas	1211036	G	191	29	220	0.00001
Flaviramulus	369400	G	140	43	183	0.00001
Pseudotamlana	3400368	G	134	149	283	0.00001
Aestuariibaculum	1386924	G	126	20	146	0.00000
Imtechella	1165076	G	97	9	106	0.00000
Rasiella	2987594	G	90	8	98	0.00000
Croceibacter	216431	G	69	25	94	0.00000
Changchengzhania	2049301	G	62	6	68	0.00000
Yeosuana	288018	G	61	14	75	0.00000
Gilvibacter	379070	G	37	24	61	0.00000
Candidatus Arcticimaribacter	2953860	G	31	5	36	0.00000
Salinimicrobium	561367	G	23	3	26	0.00000
Sinomicrobium	1434045	G	20	0	20	0.00000
Gillisia	244698	G	20	19	39	0.00000
Lutimonas	449810	G	19	0	19	0.00000
Robiginitalea	252306	G	18	0	18	0.00000
Daejeonia	2027867	G	14	12	26	0.00000
Vaginella	1935184	G	13	16	29	0.00000
Euzebyella	1287916	G	13	13	26	0.00000
Pukyongia	2831916	G	10	1	11	0.00000
Chryseobacterium	59732	G	38244	7873	46117	0.00136
Kaistella	2782231	G	2757	75	2832	0.00008
Epilithonimonas	2782229	G	296	330	626	0.00002
Empedobacter	59734	G	8788	2599	11387	0.00034
Elizabethkingia	308865	G	4617	521	5138	0.00015
Faecalibacter	2766734	G	2703	114	2817	0.00008
Weeksella	1013	G	2583	1641	4224	0.00012
Apibacter	1778601	G	2180	21	2201	0.00007
Cloacibacterium	501783	G	1100	73	1173	0.00003
Riemerella	34084	G	168	54	222	0.00001
Cruoricaptor	1433995	G	48	17	65	0.00000
Bergeyella	59735	G	36	10	46	0.00000
Ornithobacterium	28250	G	27	1	28	0.00000
Marnyiella	3088764	G	27	0	27	0.00000
Blattabacterium	34098	G	14925	913	15838	0.00047
Candidatus Karelsulcia	336809	G	5586	491	6077	0.00018
Fluviicola	332102	G	42	0	42	0.00000
Paracrocinitomix	3024544	G	19	0	19	0.00000
Croceimicrobium	2828338	G	54	2	56	0.00000
Parvicella	2975260	G	28	0	28	0.00000
Sanyastnella	3228946	G	21	0	21	0.00000
Ichthyobacterium	1755829	G	10	0	10	0.00000
Sphingobacterium	28453	G	30923	5749	36672	0.00108
Pedobacter	84567	G	23215	1796	25011	0.00074
Mucilaginibacter	423349	G	15543	542	16085	0.00048
Solitalea	929509	G	6748	81	6829	0.00020
Olivibacter	376469	G	3093	93	3186	0.00009
Arcticibacter	1288026	G	393	9	402	0.00001
Pseudopedobacter	1649482	G	45	19	64	0.00000
Aurantibacillus	3088889	G	50	0	50	0.00000
Flammeovirga	59739	G	15827	205	16032	0.00047
Chondrinema	3051458	G	1887	38	1925	0.00006
Imperialibacter	1649461	G	111	0	111	0.00000
Marivirga	869806	G	8480	352	8832	0.00026
Roseivirga	290180	G	7366	102	7468	0.00022
Adhaeribacter	299566	G	3978	23	4001	0.00012
Hymenobacter	89966	G	1066	2	1068	0.00003
Pontibacter	323449	G	540	0	540	0.00002
Rufibacter	1379908	G	36	0	36	0.00000
Bernardetia	1937972	G	5477	44	5521	0.00016
Dyadobacter	120831	G	2718	24	2742	0.00008
Larkinella	332157	G	1764	6	1770	0.00005
Fibrella	861914	G	142	0	142	0.00000
Runella	105	G	87	0	87	0.00000
Algoriphagus	246875	G	3069	62	3131	0.00009
Belliella	232244	G	638	80	718	0.00002
Cyclobacterium	68288	G	253	5	258	0.00001
Echinicola	390846	G	241	14	255	0.00001
Aquiflexum	280472	G	202	1	203	0.00001
Mongoliitalea	1511649	G	88	0	88	0.00000
Emticicia	312278	G	2079	7	2086	0.00006
Jiulongibacter	2031119	G	2021	10	2031	0.00006
Leadbetterella	319458	G	32	5	37	0.00000
Arcticibacterium	2173039	G	20	0	20	0.00000
Marinilongibacter	2975149	G	11	0	11	0.00000
Fulvivirga	396811	G	3509	39	3548	0.00010
Spirosoma	107	G	1894	7	1901	0.00006
Cytophaga	978	G	200	2	202	0.00001
Aquirufa	2676247	G	713	16	729	0.00002
Ekhidna	447678	G	557	7	564	0.00002
Reichenbachiella	156993	G	120	0	120	0.00000
Persicobacter	59740	G	425	5	430	0.00001
Aureibacter	1097443	G	99	0	99	0.00000
Fulvitalea	1434007	G	30	0	30	0.00000
Candidatus Cardinium	273135	G	148	0	148	0.00000
Candidatus Amoebophilus	281119	G	24	0	24	0.00000
Catalinimonas	1522128	G	90	0	90	0.00000
Tunicatimonas	1077254	G	19	0	19	0.00000
Rhodocytophaga	455076	G	25	0	25	0.00000
Mangrovivirga	2858886	G	13	0	13	0.00000
Bacteroides	816	G	14607	2985	17592	0.00052
Phocaeicola	909656	G	331	76	407	0.00001
Prevotella	838	G	6092	1866	7958	0.00024
Segatella	2974251	G	331	15	346	0.00001
Xylanibacter	558436	G	14	0	14	0.00000
Paraprevotella	577309	G	11	4	15	0.00000
Parabacteroides	375288	G	3293	560	3853	0.00011
Tannerella	195950	G	44	0	44	0.00000
Indolivaga	3680098	G	2608	243	2851	0.00008
Petrimonas	307628	G	298	0	298	0.00001
Dysgonomonas	156973	G	26	0	26	0.00000
Proteiniphilum	294702	G	23	0	23	0.00000
Limibacterium	3404873	G	20	0	20	0.00000
Tenuifilum	2760873	G	745	0	745	0.00002
Butyricimonas	574697	G	420	146	566	0.00002
Odoribacter	283168	G	39	0	39	0.00000
Paludibacter	346096	G	303	0	303	0.00001
Alistipes	239759	G	140	15	155	0.00000
Acetobacteroides	1647173	G	14	1	15	0.00000
Porphyromonas	836	G	47	1	48	0.00000
Macellibacteroides	1159323	G	20	0	20	0.00000
Muribaculum	1918540	G	20	0	20	0.00000
Duncaniella	2518495	G	12	0	12	0.00000
Coprobacter	1348911	G	14	3	17	0.00000
Barnesiella	397864	G	13	4	17	0.00000
Candidatus Azobacteroides	511434	G	24	0	24	0.00000
Draconibacterium	1471399	G	5400	4	5404	0.00016
Maribellus	2678352	G	3683	2	3685	0.00011
Halosquirtibacter	3374594	G	2158	19	2177	0.00006
Aquipluma	2792393	G	1161	2	1163	0.00003
Mangrovibacterium	1573808	G	11	0	11	0.00000
Labilibaculum	2060722	G	6730	11	6741	0.00020
Marinifilum	866673	G	4121	18	4139	0.00012
Alkalitalea	1193324	G	402	2	404	0.00001
Xiashengella	3129724	G	67	2	69	0.00000
Lacibacter	649461	G	6457	22	6479	0.00019
Chitinophaga	79328	G	6151	3	6154	0.00018
Rhizosphaericola	3114547	G	1913	41	1954	0.00006
Filimonas	649460	G	1428	10	1438	0.00004
Flavisolibacter	398041	G	794	3	797	0.00002
Niabella	379899	G	541	3	544	0.00002
Arachidicoccus	1769012	G	203	2	205	0.00001
Sediminibacterium	504481	G	70	3	73	0.00000
Niastella	354354	G	59	0	59	0.00000
Ferruginibacter	1004303	G	54	0	54	0.00000
Flavihumibacter	1004301	G	53	0	53	0.00000
Paraflavitalea	2698688	G	41	0	41	0.00000
Pseudocnuella	2812019	G	30	0	30	0.00000
Phnomibacter	2836216	G	24	0	24	0.00000
Pseudobacter	1860196	G	22	0	22	0.00000
Panacibacter	1874621	G	22	0	22	0.00000
Thermoflavifilum	1649506	G	10	0	10	0.00000
Mycovorax	3389990	G	10	4	14	0.00000
Aureispira	365032	G	3068	15	3083	0.00009
Saprospira	1007	G	28	0	28	0.00000
Haliscomenobacter	2349	G	1893	9	1902	0.00006
Phaeodactylibacter	1564515	G	113	0	113	0.00000
Lewinella	70994	G	106	0	106	0.00000
Neolewinella	2993541	G	10	0	10	0.00000
Ignavibacterium	795750	G	2506	10	2516	0.00007
Melioribacter	1134403	G	404	0	404	0.00001
Chlorobium	1091	G	497	2	499	0.00001
Pelodictyon	1099	G	27	0	27	0.00000
Chlorobaculum	256319	G	155	0	155	0.00000
Prosthecochloris	1101	G	18	0	18	0.00000
Chloroherpeton	100715	G	98	0	98	0.00000
Rhodothermus	29548	G	18	0	18	0.00000
Rhodocaloribacter	2893090	G	14	0	14	0.00000
Rubrivirga	1434037	G	17	0	17	0.00000
Salinibacter	146918	G	11	0	11	0.00000
Gracilimonas	649462	G	16	0	16	0.00000
Fidelibacter	3377528	G	1355	3	1358	0.00004
Candidatus Cloacimonas	456826	G	986	0	986	0.00003
Gemmatimonas	173479	G	69	0	69	0.00000
Pseudogemmatithrix	3237678	G	42	0	42	0.00000
Candidatus Palauibacter	3056650	G	25	0	25	0.00000
Fibrobacter	832	G	17	0	17	0.00000
Arcobacter	28196	G	27735	2598	30333	0.00090
Aliarcobacter	2321111	G	19347	1208	20555	0.00061
Halarcobacter	2321115	G	7685	146	7831	0.00023
Malaciobacter	2321114	G	7021	439	7460	0.00022
Poseidonibacter	2321187	G	6355	9752	16107	0.00048
Candidatus Marinarcus	2321204	G	2763	88	2851	0.00008
Campylobacter	194	G	24234	1600	25834	0.00076
Helicobacter	209	G	16283	243	16526	0.00049
Sulfurimonas	202746	G	7412	161	7573	0.00022
Hydrocurvibacter	3451669	G	2131	110	2241	0.00007
Sulfuricurvum	286130	G	68	1	69	0.00000
Nitratifractor	269260	G	6350	263	6613	0.00020
Sulfurovum	265570	G	1530	20	1550	0.00005
Sulfurospirillum	57665	G	6144	62	6206	0.00018
Hydrogenimonas	223785	G	1424	36	1460	0.00004
Caminibacter	191301	G	4383	138	4521	0.00013
Nautilia	191291	G	124	0	124	0.00000
Nitrosophilus	2795692	G	406	26	432	0.00001
Nitratiruptor	269258	G	31	0	31	0.00000
Hippea	84404	G	35	0	35	0.00000
Treponema	157	G	14891	116	15007	0.00044
Borrelia	138	G	4902	25	4927	0.00015
Borreliella	64895	G	2416	57	2473	0.00007
Entomospira	2834378	G	2992	1	2993	0.00009
Thiospirochaeta	2792240	G	197	0	197	0.00001
Oceanispirochaeta	2035349	G	84	0	84	0.00000
Sediminispirochaeta	1911556	G	17	0	17	0.00000
Sphaerochaeta	399320	G	36	0	36	0.00000
Brachyspira	29521	G	16569	553	17122	0.00051
Leptospira	171	G	12813	18	12831	0.00038
Candidatus Rhabdochlamydia	292833	G	4051	51	4102	0.00012
Candidatus Protochlamydia	282132	G	2051	4	2055	0.00006
Simkania	34093	G	76	0	76	0.00000
Candidatus Neptunichlamydia	1891669	G	64	0	64	0.00000
Waddlia	71666	G	43	0	43	0.00000
Chlamydia	810	G	4833	411	5244	0.00016
Candidatus Uabimicrobium	2897349	G	5325	1	5326	0.00016
Rosistilla	2795779	G	1711	17	1728	0.00005
Stieleria	2795973	G	71	0	71	0.00000
Roseimaritima	1579506	G	56	0	56	0.00000
Rhodopirellula	265488	G	29	0	29	0.00000
Mariniblastus	2005380	G	15	0	15	0.00000
Bremerella	2714594	G	13	0	13	0.00000
Anatilimnocola	2807414	G	13	0	13	0.00000
Roseiconus	2814446	G	12	2	14	0.00000
Bythopirellula	1400386	G	53	0	53	0.00000
Aeoliella	2795781	G	18	0	18	0.00000
Botrimarina	2795782	G	16	0	16	0.00000
Lacipirellula	2691417	G	14	0	14	0.00000
Thermogutta	1676125	G	10	0	10	0.00000
Gimesia	1649453	G	993	2	995	0.00003
Schlesneria	656899	G	91	0	91	0.00000
Symmachiella	2795780	G	25	0	25	0.00000
Polystyrenella	2795774	G	22	0	22	0.00000
Planctopirus	1649480	G	20	0	20	0.00000
Planctomicrobium	1779141	G	16	0	16	0.00000
Crateriforma	2714592	G	14	1	15	0.00000
Thalassoglobus	2795865	G	12	0	12	0.00000
Planctomyces	118	G	11	0	11	0.00000
Singulisphaera	466152	G	173	0	173	0.00001
Tundrisphaera	2029859	G	59	0	59	0.00000
Isosphaera	127	G	29	0	29	0.00000
Aquisphaera	1511635	G	20	0	20	0.00000
Tautonia	2680020	G	17	0	17	0.00000
Gemmata	113	G	44	2	46	0.00000
Urbifossiella	2807415	G	24	0	24	0.00000
Limnoglobus	2731450	G	17	0	17	0.00000
Engelhardtia	3405233	G	14	0	14	0.00000
Kolteria	3405236	G	16	0	16	0.00000
Limihaloglobus	2690160	G	597	0	597	0.00002
Mucisphaera	2913022	G	15	0	15	0.00000
Humisphaera	2807511	G	11	0	11	0.00000
Candidatus Kuenenia	380738	G	50	0	50	0.00000
Coraliomargarita	442430	G	204	0	204	0.00001
Rubellicoccus	3138622	G	116	0	116	0.00000
Lacunisphaera	1961799	G	16	0	16	0.00000
Horticoccus	2986286	G	15	0	15	0.00000
Luteolibacter	518753	G	61	0	61	0.00000
Oceaniferula	2886881	G	16	0	16	0.00000
Haloferula	574899	G	14	0	14	0.00000
Verrucomicrobium	2735	G	12	0	12	0.00000
Akkermansia	239934	G	75	4	79	0.00000
Fontisphaera	3050007	G	14	0	14	0.00000
Methylacidiphilum (ex Ratnadevi et al. 2023)	511745	G	168	0	168	0.00000
Methylacidimicrobium	1541670	G	46	1	47	0.00000
Lentisphaera	256846	G	19	0	19	0.00000
Kiritimatiella	1921784	G	12	11	23	0.00000
Candidatus Velamenicoccus	2789201	G	13	0	13	0.00000
Desulfuromonas	890	G	3103	81	3184	0.00009
Syntrophotalea	2812025	G	492	7	499	0.00001
Geoalkalibacter	392332	G	13	1	14	0.00000
Geobacter	28231	G	2287	19	2306	0.00007
Geomonas	2651583	G	83	1	84	0.00000
Geotalea	2910589	G	30	2	32	0.00000
Trichlorobacter	115782	G	13	0	13	0.00000
Lawsonia	41707	G	2971	341	3312	0.00010
Maridesulfovibrio	2794998	G	381	2	383	0.00001
Pseudodesulfovibrio	2035811	G	107	29	136	0.00000
Desulfovibrio	872	G	96	1	97	0.00000
Halodesulfovibrio	1912771	G	45	0	45	0.00000
Desulfolutivibrio	2773294	G	35	0	35	0.00000
Solidesulfovibrio	2910984	G	27	1	28	0.00000
Bilophila	35832	G	26	0	26	0.00000
Nitratidesulfovibrio	2802295	G	23	8	31	0.00000
Desulfocurvibacter	2582840	G	21	0	21	0.00000
Taurinivorans	3126915	G	18	0	18	0.00000
Desulfomicrobium	898	G	17	0	17	0.00000
Desulfonema	45654	G	1466	3	1469	0.00004
Desulfococcus	896	G	10	0	10	0.00000
Desulfobacter	2289	G	1405	4	1409	0.00004
Desulforapulum	2904687	G	13	0	13	0.00000
Desulfobacula	28222	G	10	0	10	0.00000
Desulfosarcina	2299	G	690	7	697	0.00002
Desulfoluna	497721	G	11	0	11	0.00000
Desulforhopalus	40413	G	424	7	431	0.00001
Desulfosediminicola	2886823	G	36	0	36	0.00000
Desulfopila	429014	G	23	0	23	0.00000
Desulfofustis	51194	G	13	0	13	0.00000
Desulfobulbus	893	G	41	4	45	0.00000
Desulfurivibrio	427922	G	22	0	22	0.00000
Desulfomarina	2894767	G	19	0	19	0.00000
Desulfolithobacter	3003266	G	14	0	14	0.00000
Candidatus Electrothrix	1859128	G	10	0	10	0.00000
Thiovibrio	2991701	G	10	7	17	0.00000
Thermodesulfobacterium	1740	G	56	2	58	0.00000
Thermosulfuriphilus	2033601	G	13	0	13	0.00000
Candidatus Desulfofervidus	1902583	G	47	0	47	0.00000
Syntrophus	43773	G	32	1	33	0.00000
Desulfoferula	3093638	G	12	0	12	0.00000
Syntrophobacter	29526	G	10	3	13	0.00000
Desulfurobacterium	64159	G	4045	22	4067	0.00012
Sulfurihydrogenibium	212790	G	2275	82	2357	0.00007
Persephonella	182899	G	21	0	21	0.00000
Hydrogenobaculum	168657	G	23	4	27	0.00000
Thermocrinis	75905	G	14	1	15	0.00000
Pigmentibacter	2838409	G	2789	44	2833	0.00008
Fluviispira	2698753	G	462	2	464	0.00001
Silvanigrella	2024975	G	18	0	18	0.00000
Spirobacillus	495819	G	15	0	15	0.00000
Bdellovibrio	958	G	1378	1	1379	0.00004
Pseudobdellovibrio	2862745	G	83	0	83	0.00000
Micavibrio	213485	G	29	0	29	0.00000
Peredibacter	263370	G	296	0	296	0.00001
Bacteriovorax	146784	G	216	1	217	0.00001
Halobacteriovorax	1652133	G	60	0	60	0.00000
Nitrospira	1234	G	3090	1	3091	0.00009
Dissulfurispira	2811506	G	1010	0	1010	0.00003
Thermodesulfovibrio	28261	G	123	0	123	0.00000
Dictyoglomus	13	G	2365	0	2365	0.00007
Deferribacter	53572	G	1524	21	1545	0.00005
Calditerrivibrio	545865	G	118	0	118	0.00000
Mucispirillum	248038	G	15	0	15	0.00000
Sorangium	39643	G	452	5	457	0.00001
Polyangium	55	G	16	0	16	0.00000
Chondromyces	50	G	14	0	14	0.00000
Labilithrix	1524217	G	178	0	178	0.00001
Sandaracinus	1055688	G	28	0	28	0.00000
Nannocystis	53	G	67	0	67	0.00000
Haliangium	162027	G	19	0	19	0.00000
Archangium	47	G	154	4	158	0.00000
Melittangium	44	G	49	2	51	0.00000
Cystobacter	42	G	24	1	25	0.00000
Stigmatella	40	G	15	0	15	0.00000
Myxococcus	32	G	86	2	88	0.00000
Corallococcus	83461	G	73	2	75	0.00000
Pyxidicoccus	224458	G	17	0	17	0.00000
Pseudomyxococcus	3434272	G	17	0	17	0.00000
Anaeromyxobacter	161492	G	46	0	46	0.00000
Pendulispora	3375062	G	52	0	52	0.00000
Tunturiibacter	3154218	G	696	5	701	0.00002
Edaphobacter	388463	G	52	0	52	0.00000
Terriglobus	392733	G	52	0	52	0.00000
Granulicella	940557	G	41	0	41	0.00000
Acidobacterium	33973	G	14	0	14	0.00000
Telmatobacter	1078829	G	14	0	14	0.00000
Silvibacterium	1775468	G	14	0	14	0.00000
Alloacidobacterium	2951993	G	12	0	12	0.00000
Paludibaculum	1649475	G	14	0	14	0.00000
Acanthopleuribacter	442869	G	68	0	68	0.00000
Geothrix	44675	G	30	5	35	0.00000
Mesoterricola	3074468	G	13	7	20	0.00000
Thermotomaculum	1172428	G	10	0	10	0.00000
Luteitalea	2004797	G	52	0	52	0.00000
Chloracidobacterium	458032	G	22	0	22	0.00000
Thermodesulfobium	227388	G	460	2	462	0.00001
Elusimicrobium	423604	G	159	1	160	0.00000
Endomicrobium	1408194	G	17	1	18	0.00000
Caldisericum	693074	G	172	0	172	0.00001
Atribacter	2847777	G	57	3	60	0.00000
Thermomicrobium	499	G	13	0	13	0.00000
Sphaerobacter	2056	G	10	0	10	0.00000
Fusobacterium	848	G	56584	2110	58694	0.00174
Cetobacterium	180162	G	11360	574	11934	0.00035
Ilyobacter	167639	G	2868	18	2886	0.00009
Leptotrichia	32067	G	23532	1735	25267	0.00075
Sneathia	168808	G	1563	65	1628	0.00005
Pseudoleptotrichia	2755140	G	1493	38	1531	0.00005
Streptobacillus	34104	G	381	46	427	0.00001
Sebaldella	32068	G	362	1	363	0.00001
Haliovirga	3072462	G	1936	45	1981	0.00006
Cloacibacillus	508459	G	16	2	18	0.00000
Aminomonas	81411	G	11	12597	12608	0.00037
Pyramidobacter	638847	G	6571	0	6571	0.00019
Aminobacterium	81466	G	718	77	795	0.00002
Thermosipho	2420	G	2587	3	2590	0.00008
Fervidobacterium	2422	G	1864	87	1951	0.00006
Pseudothermotoga	1643951	G	92	1	93	0.00000
Marinitoga	160798	G	2238	26	2264	0.00007
Tepiditoga	2778400	G	232	7	239	0.00001
Oceanotoga	1255275	G	206	4	210	0.00001
Defluviitoga	1511648	G	80	18	98	0.00000
Petrotoga	28236	G	41	2	43	0.00000
Athalassotoga	1769718	G	37	0	37	0.00000
Kosmotoga	651456	G	25	0	25	0.00000
Allomeiothermus	2935559	G	306	1	307	0.00001
Thermus	270	G	46	0	46	0.00000
Meiothermus	65551	G	14	0	14	0.00000
Deinococcus	1298	G	280	0	280	0.00001
Candidatus Absconditicoccus	2900570	G	685	38	723	0.00002
Candidatus Babela	1551504	G	146	2	148	0.00000
Candidatus Chromulinivorax	2953757	G	17	0	17	0.00000
Candidatus Southlakia	3350975	G	30	0	30	0.00000
Candidatus Nanosynbacter	2093823	G	32	8	40	0.00000
Minisyncoccus	3238478	G	17	0	17	0.00000
Bradymonas	1779136	G	18	0	18	0.00000
Lathyrus	3853	G	110010	9390	119400	0.00353
Vicia	3904	G	103965	6068	110033	0.00325
Cicer	3826	G	57081	4378	61459	0.00182
Medicago	3877	G	32607	2364	34971	0.00103
Trifolium	3898	G	22134	28120	50254	0.00149
Lotus	3867	G	36807	5454	42261	0.00125
Vigna	3913	G	107696	23448	131144	0.00388
Glycine	3846	G	92162	10011	102173	0.00302
Cajanus	3820	G	55313	6919	62232	0.00184
Phaseolus	3883	G	51755	4090	55845	0.00165
Arachis	3817	G	178642	18320	196962	0.00583
Lupinus	3869	G	89411	7763	97174	0.00287
Humulus	3484	G	124093	71080	195173	0.00577
Cannabis	3482	G	29980	6668	36648	0.00108
Malus	3749	G	42204	13474	55678	0.00165
Pyrus	3766	G	10382	5197	15579	0.00046
Prunus	3754	G	23647	3075	26722	0.00079
Rosa	3764	G	35165	1585	36750	0.00109
Fragaria	3746	G	16818	2760	19578	0.00058
Argentina	3131914	G	16559	13012	29571	0.00087
Ziziphus	72171	G	29913	19671	49584	0.00147
Hevea	3980	G	79494	4359	83853	0.00248
Manihot	3982	G	50539	21364	71903	0.00213
Euphorbia	3990	G	62672	7807	70479	0.00208
Mercurialis	3984	G	32562	43005	75567	0.00223
Ricinus	3987	G	20921	3352	24273	0.00072
Populus	3689	G	91971	77024	168995	0.00500
Castanea	21019	G	48522	10882	59404	0.00176
Quercus	3511	G	46100	19126	65226	0.00193
Juglans	16718	G	62216	14781	76997	0.00228
Carya	13402	G	17887	5670	23557	0.00070
Corylus	13450	G	23569	1896	25465	0.00075
Alnus	3515	G	20583	21999	42582	0.00126
Benincasa	102210	G	91940	3056	94996	0.00281
Cucumis	3655	G	63227	114893	178120	0.00527
Cucurbita	3660	G	11737	2561	14298	0.00042
Tripterygium	123484	G	11293	8585	19878	0.00059
Gossypium	3633	G	186243	9229	195472	0.00578
Theobroma	3640	G	28783	1609	30392	0.00090
Brassica	3705	G	83626	150984	234610	0.00694
Raphanus	3725	G	24701	47495	72196	0.00214
Camelina	71323	G	29167	1311	30478	0.00090
Arabidopsis	3701	G	6944	857	7801	0.00023
Mangifera	23461	G	42801	13100	55901	0.00165
Citrus	2706	G	24178	4654	28832	0.00085
Eucalyptus	3932	G	30148	7110	37258	0.00110
Rhodamnia	178132	G	9210	1010	10220	0.00030
Punica	22662	G	18686	2576	21262	0.00063
Vitis	3603	G	62081	11493	73574	0.00218
Solanum	4107	G	228559	139418	367977	0.01088
Capsicum	4071	G	189176	4720	193896	0.00573
Lycium	24646	G	103441	4096	107537	0.00318
Nicotiana	4085	G	227564	14166	241730	0.00715
Ipomoea	4119	G	27246	6015	33261	0.00098
Primulina	48772	G	96768	8985	105753	0.00313
Henckelia	199091	G	25352	2177	27529	0.00081
Salvia	21880	G	84068	5709	89777	0.00266
Olea	4145	G	68419	2321	70740	0.00209
Sesamum	4181	G	34770	4076	38846	0.00115
Coffea	13442	G	45325	34632	79957	0.00236
Rutidosis	125764	G	123980	14777	138757	0.00410
Helianthus	4231	G	85493	2827	88320	0.00261
Erigeron	41574	G	53607	5939	59546	0.00176
Lactuca	4235	G	263474	127556	391030	0.01156
Cynara	4264	G	64985	2422	67407	0.00199
Apium	4044	G	121435	3593	125028	0.00370
Daucus	4038	G	43896	7702	51598	0.00153
Impatiens	35939	G	64806	4492	69298	0.00205
Actinidia	3624	G	57155	2194	59349	0.00176
Rhododendron	4346	G	25482	3070	28552	0.00084
Diospyros	13492	G	22229	818	23047	0.00068
Beta	3554	G	38879	1441	40320	0.00119
Spinacia	3561	G	33598	62875	96473	0.00285
Silene	3573	G	63505	795	64300	0.00190
Amaranthus	3564	G	37594	26031	63625	0.00188
Malania	397391	G	69655	1745	71400	0.00211
Triticum	4564	G	104571	20525	125096	0.00370
Aegilops	4480	G	6164	28757	34921	0.00103
Hordeum	4512	G	55048	23167	78215	0.00231
Lolium	4520	G	43571	1861	45432	0.00134
Brachypodium	15367	G	6319	764	7083	0.00021
Oryza	4527	G	28345	11087	39432	0.00117
Miscanthus	62336	G	37696	1264	38960	0.00115
Zea	4575	G	23053	6010	29063	0.00086
Sorghum	4557	G	10604	3139	13743	0.00041
Panicum	4539	G	27584	2556	30140	0.00089
Setaria	4554	G	12882	1462	14344	0.00042
Phragmites	15745	G	25960	6200	32160	0.00095
Carex	13398	G	30674	28382	59056	0.00175
Typha	4732	G	28929	2095	31024	0.00092
Ananas	4614	G	28788	3900	32688	0.00097
Zingiber	4650	G	84873	3059	87932	0.00260
Curcuma	99568	G	29912	4213	34125	0.00101
Musa	4640	G	60032	143931	203963	0.00603
Elaeis	51952	G	50855	4162	55017	0.00163
Phoenix	4719	G	25775	2104	27879	0.00082
Dioscorea	4672	G	65202	2339	67541	0.00200
Asparagus	4685	G	36935	1140	38075	0.00113
Wolffia	161109	G	34518	1570	36088	0.00107
Papaver	3468	G	104759	2539	107298	0.00317
Magnolia	3402	G	54485	740	55225	0.00163
Telopea	54954	G	30291	2311	32602	0.00096
Macadamia	4329	G	10758	1188	11946	0.00035
Nymphaea	4418	G	12970	2661	15631	0.00046
Cryptomeria	3368	G	318801	48055	366856	0.01085
Physcomitrium	37414	G	53849	2714	56563	0.00167
Ostreococcus	70447	G	1268	32	1300	0.00004
Bathycoccus	41874	G	24	0	24	0.00000
Micromonas	38832	G	88	1	89	0.00000
Chlamydomonas	3052	G	106	2	108	0.00000
Homo	9605	G	398407	178495	576902	0.01706
Fusarium	5506	G	5898	294	6192	0.00018
Pochonia	243023	G	2624	27	2651	0.00008
Ustilaginoidea	124426	G	1027	22	1049	0.00003
Metarhizium	5529	G	271	2	273	0.00001
Trichoderma	5543	G	953	93	1046	0.00003
Drechmeria	98402	G	466	13	479	0.00001
Purpureocillium	1052105	G	170	15	185	0.00001
Akanthomyces	150366	G	183	5	188	0.00001
Colletotrichum	5455	G	2699	201	2900	0.00009
Sordaria	5146	G	2130	164	2294	0.00007
Neurospora	5140	G	877	19	896	0.00003
Thermothielavioides	2609811	G	351	13	364	0.00001
Remersonia	72143	G	165	5	170	0.00001
Thermothelomyces	1920207	G	100	2	102	0.00000
Podospora	5144	G	546	8	554	0.00002
Pyricularia	48558	G	3761	31	3792	0.00011
Botrytis	33196	G	154	37	191	0.00001
Zymoseptoria	1047167	G	8229	217	8446	0.00025
Cercospora	29002	G	254	31	285	0.00001
Fulvia	2897311	G	58	2	60	0.00000
Alternaria	5598	G	1734	150	1884	0.00006
Pyrenophora	5027	G	950	235	1185	0.00004
Ascochyta	5453	G	118	9	127	0.00000
Aspergillus	5052	G	992	78	1070	0.00003
Penicillium	5073	G	204	49	253	0.00001
Talaromyces	5094	G	407	57	464	0.00001
Coccidioides	5500	G	127	30	157	0.00000
Zygosaccharomyces	4953	G	5604	1222	6826	0.00020
Naumovozyma	278028	G	4750	566	5316	0.00016
Tetrapisispora	113604	G	2384	143	2527	0.00007
Saccharomyces	4930	G	2223	1264	3487	0.00010
Henningerozyma	3163253	G	1934	242	2176	0.00006
Kazachstania	71245	G	1272	123	1395	0.00004
Nakaseomyces	374468	G	566	301	867	0.00003
Kluyveromyces	4910	G	435	247	682	0.00002
Torulaspora	4948	G	219	76	295	0.00001
Huiozyma	3163251	G	192	28	220	0.00001
Zygotorulaspora	1196389	G	188	84	272	0.00001
Eremothecium	33170	G	163	183	346	0.00001
Lachancea	300275	G	28	6	34	0.00000
Saccharomycodes	36034	G	2306	683	2989	0.00009
Candida	5475	G	3826	237	4063	0.00012
Lodderomyces	36913	G	396	136	532	0.00002
Debaryomyces	4958	G	931	13	944	0.00003
Yamadazyma	766765	G	166	31	197	0.00001
Scheffersomyces	766733	G	51	2	53	0.00000
Australozyma	3300567	G	136	7	143	0.00000
Candidozyma	3303203	G	46	6	52	0.00000
Brettanomyces	13366	G	812	28	840	0.00002
Ogataea	461281	G	385	21	406	0.00001
Pichia	4919	G	296	24	320	0.00001
Komagataella	460517	G	23	0	23	0.00000
Sugiyamaella	410829	G	96	14	110	0.00000
Yarrowia	4951	G	69	0	69	0.00000
Schizosaccharomyces	4895	G	2885	106	2991	0.00009
Puccinia	5296	G	13382	791	14173	0.00042
Kwoniella	490731	G	8575	635	9210	0.00027
Cryptococcus	5206	G	197	25	222	0.00001
Vanrija	1851468	G	30	5	35	0.00000
Cutaneotrichosporon	1838142	G	22	3	25	0.00000
Psilocybe	71950	G	1989	38	2027	0.00006
Marasmius	34448	G	266	7	273	0.00001
Rhizoctonia	1322061	G	25	0	25	0.00000
Malassezia	55193	G	127	17	144	0.00000
Sporisorium	63265	G	69	19	88	0.00000
Mycosarcoma	2689624	G	44	0	44	0.00000
Rhizophagus	1129544	G	40170	4274	44444	0.00131
Vairimorpha	6038	G	1350	27	1377	0.00004
Plasmodium	5820	G	43940	2031	45971	0.00136
Theileria	5873	G	3244	23	3267	0.00010
Babesia	5864	G	529	51	580	0.00002
Cryptosporidium	5806	G	3258	72	3330	0.00010
Toxoplasma	5810	G	814	208	1022	0.00003
Neospora	29175	G	40	0	40	0.00000
Besnoitia	94642	G	24	0	24	0.00000
Paramecium	5884	G	137	0	137	0.00000
Bremia	4778	G	205	0	205	0.00001
Phaeodactylum	2849	G	70	0	70	0.00000
Thalassiosira	35127	G	28	0	28	0.00000
Bigelowiella	227085	G	38	0	38	0.00000
Trichomonas	5721	G	10839	63	10902	0.00032
Spironucleus	39709	G	1875	6	1881	0.00006
Dictyostelium	5782	G	8816	662	9478	0.00028
Leishmania	5658	G	443	9	452	0.00001
Porcisia	2761499	G	24	1	25	0.00000
Trypanosoma	5690	G	37	0	37	0.00000
Cryptomonas	3030	G	93	19	112	0.00000
Guillardia	55528	G	25	8	33	0.00000
Methanobrevibacter	2172	G	17068	632	17700	0.00052
Methanobacterium	2160	G	8099	219	8318	0.00025
Methanosphaera	2316	G	141	7	148	0.00000
Methanothermobacter	145260	G	39	0	39	0.00000
Methanotorris	196119	G	4195	35	4230	0.00013
Methanocaldococcus	196118	G	2411	28	2439	0.00007
Methanococcus	2184	G	78	1	79	0.00000
Methanothermococcus	155862	G	25	0	25	0.00000
Methanofervidicoccus	2607661	G	74	0	74	0.00000
Methanosarcina	2207	G	7881	42	7923	0.00023
Methanolobus	2220	G	5068	1	5069	0.00015
Methanosalsum	196136	G	1517	0	1517	0.00004
Methanohalophilus	2175	G	668	0	668	0.00002
Methanomethylovorans	101191	G	496	0	496	0.00001
Methanococcoides	2225	G	137	0	137	0.00000
Methanolapillus	3136068	G	108	0	108	0.00000
Methanimicrococcus	91559	G	78	0	78	0.00000
Methanogenium	2195	G	4527	0	4527	0.00013
Methanolacinia	230355	G	170	0	170	0.00001
Methanoculleus	45989	G	19	0	19	0.00000
Methanoplanus	2314	G	10	0	10	0.00000
Methanospirillum	2202	G	1855	0	1855	0.00005
Methanosphaerula	475087	G	14	0	14	0.00000
Methanocella	570266	G	826	1	827	0.00002
Halorussus	1070314	G	424	5	429	0.00001
Haladaptatus	367188	G	20	0	20	0.00000
Halorubrum	56688	G	122	5	127	0.00000
Halogeometricum	60846	G	45	2	47	0.00000
Haloplanus	376170	G	25	2	27	0.00000
Haloferax	2251	G	24	0	24	0.00000
Halobaculum	43927	G	22	2	24	0.00000
Halorarum	3163375	G	15	0	15	0.00000
Natrinema	88723	G	96	3	99	0.00000
Haloterrigena	121871	G	27	0	27	0.00000
Natronosalvus	3076685	G	24	0	24	0.00000
Natronobacterium	2256	G	15	0	15	0.00000
Natronococcus	29287	G	13	0	13	0.00000
Halovivax	332951	G	13	0	13	0.00000
Natronorubrum	134813	G	12	0	12	0.00000
Halomontanus	3125902	G	10	0	10	0.00000
Halalkalicoccus	332246	G	147	1	148	0.00000
Halococcus	2249	G	32	0	32	0.00000
Haloarcula	2237	G	35	0	35	0.00000
Halomicrobium	203135	G	22	0	22	0.00000
Halosimplex	171163	G	21	2	23	0.00000
Halorientalis	1073987	G	18	2	20	0.00000
Halapricum	1542963	G	15	0	15	0.00000
Salinibaculum	2732368	G	11	0	11	0.00000
Halodesulfurarchaeum	1980514	G	86	0	86	0.00000
Halobacterium	2239	G	13	6	19	0.00000
Natronomonas	63743	G	20	1	21	0.00000
Halomarina	871740	G	19	0	19	0.00000
Salinirubellus	2162630	G	15	0	15	0.00000
Halorarius	3056835	G	15	1	16	0.00000
Halocatena	2907493	G	11	0	11	0.00000
Natronorarus	3386557	G	21	0	21	0.00000
Ferroglobus	54260	G	545	0	545	0.00002
Archaeoglobus	2233	G	22	0	22	0.00000
Thermococcus	2263	G	394	0	394	0.00001
Pyrococcus	2260	G	15	0	15	0.00000
Cuniculiplasma	1747777	G	1645	0	1645	0.00005
Ferroplasma	74968	G	221	0	221	0.00001
Acidiplasma	507753	G	10	0	10	0.00000
Thermoplasma	2302	G	11	0	11	0.00000
Picrophilus	46631	G	11	0	11	0.00000
Methanomassiliicoccus	1080709	G	130	0	130	0.00000
Candidatus Aciduliprofundum	379546	G	30	0	30	0.00000
Nitrosopumilus	338191	G	5248	16	5264	0.00016
Nitrosarchaeum	1007082	G	16	0	16	0.00000
Candidatus Nitrosocosmicus	1826864	G	1561	1	1562	0.00005
Nitrososphaera	497726	G	80	0	80	0.00000
Nitrosotalea	1078904	G	68	0	68	0.00000
Candidatus Nitrosocaldus	498374	G	30	0	30	0.00000
Candidatus Nitrosopelagicus	1593364	G	140	0	140	0.00000
Candidatus Nitrosotenuis	1825023	G	95	0	95	0.00000
Metallosphaera	41980	G	1377	3	1380	0.00004
Stygiolobus	41674	G	779	1	780	0.00002
Acidianus	12914	G	643	5	648	0.00002
Saccharolobus	2100760	G	609	42	651	0.00002
Sulfurisphaera	69655	G	515	2	517	0.00002
Sulfolobus	2284	G	368	35	403	0.00001
Sulfuracidifex	2705406	G	54	2	56	0.00000
Aeropyrum	56635	G	1162	16	1178	0.00003
Pyrobaculum	2276	G	358	0	358	0.00001
Caldivirga	76886	G	268	0	268	0.00001
Acidilobus	105850	G	10	0	10	0.00000
Candidatus Lokiarchaeum	1655637	G	2636	2	2638	0.00008
Promethearchaeum	3366645	G	234	4	238	0.00001
Nanobdella	2974824	G	1011	99	1110	0.00003
Pandoravirus	2060084	G	15	9	24	0.00000
Mollyvirus	2948826	G	2039	0	2039	0.00006
Fletchervirus	1636618	G	1583	1	1584	0.00005
Firehammervirus	1636617	G	10	0	10	0.00000
Privateervirus	2843440	G	975	0	975	0.00003
Libingvirus	3044750	G	12	0	12	0.00000
Bequatrovirus	1917990	G	213	0	213	0.00001
Sepunavirus	1980928	G	13	0	13	0.00000
Baltivirus	2946816	G	149	0	149	0.00000
Saphexavirus	1623302	G	132	0	132	0.00000
Gamaleyavirus	1920753	G	34	0	34	0.00000
Pourcelvirus	2842976	G	11	0	11	0.00000
Epseptimavirus	2732017	G	56	4	60	0.00000
Mimasvirus	2560176	G	51	0	51	0.00000
Skunavirus	1623305	G	36	0	36	0.00000
Shirahamavirus	2843456	G	31	0	31	0.00000
Alexandravirus	2733088	G	29	0	29	0.00000
Ronaldovirus	2733205	G	28	0	28	0.00000
Obolenskvirus	1915205	G	25	0	25	0.00000
Moineauvirus	1623304	G	22	0	22	0.00000
Llyrvirus	2733111	G	23	0	23	0.00000
Tefnutvirus	2733135	G	110	9	119	0.00000
Zhoulongquanvirus	3044869	G	88	0	88	0.00000
Lowelvirus	2948806	G	26	0	26	0.00000
Lipsvirus	2948803	G	19	0	19	0.00000
Tequatrovirus	10663	G	28	14	42	0.00000
Tegunavirus	1921704	G	12	0	12	0.00000
Bragavirus	2948639	G	13	0	13	0.00000
Kuttervirus	2169536	G	40	0	40	0.00000
Dabirmavirus	2948671	G	95	0	95	0.00000
Burzaovirus	2948645	G	36	0	36	0.00000
Saguarovirus	2948887	G	20	0	20	0.00000
Macavirus	548687	G	36	0	36	0.00000
Percavirus	548688	G	23	0	23	0.00000
Centapoxvirus	2005509	G	2207	0	2207	0.00007
Avipoxvirus	10260	G	722	0	722	0.00002
Betaentomopoxvirus	10286	G	35	0	35	0.00000
Tupanvirus	2094720	G	871	0	871	0.00003
Moumouvirus	3080801	G	814	0	814	0.00002
Mimivirus	315393	G	109	0	109	0.00000
Cotonvirus	3044693	G	72	0	72	0.00000
Megavirus	3044761	G	43	0	43	0.00000
Fadolivirus	2763561	G	21	0	21	0.00000
Theiavirus	3044842	G	17	0	17	0.00000
Biavirus	3044674	G	274	0	274	0.00001
Alphaorpheovirus	3153020	G	437	0	437	0.00001
Chloriridovirus	10491	G	235	0	235	0.00001
Daphniairidovirus	2842631	G	11	0	11	0.00000
Orthobunyavirus	11572	G	461	0	461	0.00001
Orthotospovirus	2560196	G	353	0	353	0.00001
Orbivirus	10892	G	71	0	71	0.00000
Cypovirus	10981	G	11	0	11	0.00000
Plasmavirus	10473	G	523	0	523	0.00002
Alphabaculovirus	558016	G	38	0	38	0.00000
Betabaculovirus	558017	G	12	0	12	0.00000
Begomovirus	10814	G	10	0	10	0.00000
